-- =============================================================================
--  FSBM Platform - REMPLACEMENT par DONNEES REELLES (source : fsbm.ma + Scholar)
--  Vide les tables institutionnelles synthetiques et insere les donnees reelles.
--  Emails @univh2c.ma. A executer APRES 01..07. (Idempotent : re-executable.)
-- =============================================================================
USE fsbm_db;
SET FOREIGN_KEY_CHECKS=0;
DELETE FROM grades;
DELETE FROM module_teachers;
DELETE FROM schedules;
DELETE FROM exams;
DELETE FROM students;
DELETE FROM modules;
DELETE FROM filieres;
DELETE FROM professors;
DELETE FROM departments;
DELETE FROM announcements;
DELETE FROM events;
ALTER TABLE departments AUTO_INCREMENT=1;
ALTER TABLE filieres AUTO_INCREMENT=1;
ALTER TABLE professors AUTO_INCREMENT=1;
ALTER TABLE modules AUTO_INCREMENT=1;
ALTER TABLE students AUTO_INCREMENT=1;
ALTER TABLE announcements AUTO_INCREMENT=1;
ALTER TABLE events AUTO_INCREMENT=1;

-- 6 departements reels (fsbm.ma)
INSERT INTO departments (id, code, name, head_name, head_email, color_hex, created_at, updated_at) VALUES (1, 'BIO', 'Biologie', 'Pr. FARH Mohamed', 'chef.farh.mohamed@univh2c.ma', '#1C3F6E', NOW(), NOW());
INSERT INTO departments (id, code, name, head_name, head_email, color_hex, created_at, updated_at) VALUES (2, 'CHI', 'Chimie', 'Pr. EL KOUALI Mhammed', 'chef.el.kouali.mhammed@univh2c.ma', '#1C3F6E', NOW(), NOW());
INSERT INTO departments (id, code, name, head_name, head_email, color_hex, created_at, updated_at) VALUES (3, 'GEO', 'Geologie', 'Pr. MOUFLIH Mustapha', 'chef.mouflih.mustapha@univh2c.ma', '#1C3F6E', NOW(), NOW());
INSERT INTO departments (id, code, name, head_name, head_email, color_hex, created_at, updated_at) VALUES (4, 'MI', 'Mathematiques et Informatique', 'Pr. ADNAOUI Khalid', 'chef.adnaoui.khalid@univh2c.ma', '#1C3F6E', NOW(), NOW());
INSERT INTO departments (id, code, name, head_name, head_email, color_hex, created_at, updated_at) VALUES (5, 'PHY', 'Physiques', 'Pr. MAIZROUI M''hammed', 'chef.maizroui.m.hammed@univh2c.ma', '#1C3F6E', NOW(), NOW());
INSERT INTO departments (id, code, name, head_name, head_email, color_hex, created_at, updated_at) VALUES (6, 'SCH', 'Sciences de la Communication et Humanites', 'Pr. Nadia CHAFIQ', 'chef.nadia.chafiq@univh2c.ma', '#1C3F6E', NOW(), NOW());

-- Filieres reelles (responsables reels, fsbm.ma)
INSERT INTO filieres (id, code, name, type, department_id, coordinator, coord_email, duration_years, capacity, is_active, created_at, updated_at) VALUES (1, 'STATISTIQUES', 'Statistiques', 'LICENCE', 4, 'Pr. FERJOUCHA Hanane', 'ferjoucha.hanane@univh2c.ma', 3, 80, TRUE, NOW(), NOW());
INSERT INTO filieres (id, code, name, type, department_id, coordinator, coord_email, duration_years, capacity, is_active, created_at, updated_at) VALUES (2, 'ANALYSE_MATHEMATIQ', 'Analyse Mathematique', 'LICENCE', 4, 'Pr. BOUDKHIA Khadija', 'boudkhia.khadija@univh2c.ma', 3, 80, TRUE, NOW(), NOW());
INSERT INTO filieres (id, code, name, type, department_id, coordinator, coord_email, duration_years, capacity, is_active, created_at, updated_at) VALUES (3, 'CYBERSECURITE_ET_A', 'Cybersecurite et Administration des Systemes et Reseaux', 'LICENCE', 4, 'Pr. OUAHABI Sara', 'ouahabi.sara@univh2c.ma', 3, 80, TRUE, NOW(), NOW());
INSERT INTO filieres (id, code, name, type, department_id, coordinator, coord_email, duration_years, capacity, is_active, created_at, updated_at) VALUES (4, 'DEVELOPPEMENT_FULL', 'Developpement Full Stack', 'LICENCE', 4, 'Pr. Mohssine Bensebii', 'mohssine.bensebii@univh2c.ma', 3, 80, TRUE, NOW(), NOW());
INSERT INTO filieres (id, code, name, type, department_id, coordinator, coord_email, duration_years, capacity, is_active, created_at, updated_at) VALUES (5, 'ADMINISTRATION_RES', 'Administration Reseaux et Systemes', 'LICENCE', 4, 'Pr. ACHTAICH Khadija', 'achtaich.khadija@univh2c.ma', 3, 80, TRUE, NOW(), NOW());
INSERT INTO filieres (id, code, name, type, department_id, coordinator, coord_email, duration_years, capacity, is_active, created_at, updated_at) VALUES (6, 'DEVELOPPEMENT_INFO', 'Developpement Informatique', 'LICENCE', 4, 'Pr. SAEL Nihal', 'sael.nihal@univh2c.ma', 3, 80, TRUE, NOW(), NOW());
INSERT INTO filieres (id, code, name, type, department_id, coordinator, coord_email, duration_years, capacity, is_active, created_at, updated_at) VALUES (7, 'PHYSIQUE_APPLIQUEE', 'Physique Appliquee', 'LICENCE', 5, 'Pr. SAID TADLFIK', 'said.tadlfik@univh2c.ma', 3, 80, TRUE, NOW(), NOW());
INSERT INTO filieres (id, code, name, type, department_id, coordinator, coord_email, duration_years, capacity, is_active, created_at, updated_at) VALUES (8, 'ELECTRONIQUE_SYSTE', 'Electronique, Systemes embarques et Telecommunication', 'LICENCE', 5, 'Pr. KASSMI Aziza', 'kassmi.aziza@univh2c.ma', 3, 80, TRUE, NOW(), NOW());
INSERT INTO filieres (id, code, name, type, department_id, coordinator, coord_email, duration_years, capacity, is_active, created_at, updated_at) VALUES (9, 'MECANIQUE_ENERGETI', 'Mecanique Energetique', 'LICENCE', 5, 'Pr. MOURABIT M. Baika', 'mourabit.m.baika@univh2c.ma', 3, 80, TRUE, NOW(), NOW());
INSERT INTO filieres (id, code, name, type, department_id, coordinator, coord_email, duration_years, capacity, is_active, created_at, updated_at) VALUES (10, 'PHYSIQUE_ET_INGENI', 'Physique et Ingenierie des Materiaux (PIM)', 'LICENCE', 5, 'Pr. ABDERRATI Kamal', 'abderrati.kamal@univh2c.ma', 3, 80, TRUE, NOW(), NOW());
INSERT INTO filieres (id, code, name, type, department_id, coordinator, coord_email, duration_years, capacity, is_active, created_at, updated_at) VALUES (11, 'TRAITEMENT_DE_L_IN', 'Traitement de l''Information', 'MASTER', 5, 'Pr. ATOUF Issam', 'atouf.issam@univh2c.ma', 2, 80, TRUE, NOW(), NOW());
INSERT INTO filieres (id, code, name, type, department_id, coordinator, coord_email, duration_years, capacity, is_active, created_at, updated_at) VALUES (12, 'MATERIAUX_INTELLIG', 'Materiaux Intelligents et Systemes Energetiques', 'MASTER', 5, 'Pr. EDDIAI Adil', 'eddiai.adil@univh2c.ma', 2, 80, TRUE, NOW(), NOW());
INSERT INTO filieres (id, code, name, type, department_id, coordinator, coord_email, duration_years, capacity, is_active, created_at, updated_at) VALUES (13, 'GENIE_DES_MATERIAU', 'Genie des Materiaux', 'LICENCE', 2, 'Pr. MEHDAOUI Boubker', 'mehdaoui.boubker@univh2c.ma', 3, 80, TRUE, NOW(), NOW());
INSERT INTO filieres (id, code, name, type, department_id, coordinator, coord_email, duration_years, capacity, is_active, created_at, updated_at) VALUES (14, 'PROCEDES_ANALYTIQU', 'Procedes Analytiques et Industriels', 'LICENCE', 2, 'Pr. BENHANI Laila', 'benhani.laila@univh2c.ma', 3, 80, TRUE, NOW(), NOW());
INSERT INTO filieres (id, code, name, type, department_id, coordinator, coord_email, duration_years, capacity, is_active, created_at, updated_at) VALUES (15, 'INSTRUMENTATION_PR', 'Instrumentation, Procedes, Analyse et Qualite', 'MASTER', 2, 'Pr. MOUMOU Mohamed', 'moumou.mohamed@univh2c.ma', 2, 80, TRUE, NOW(), NOW());
INSERT INTO filieres (id, code, name, type, department_id, coordinator, coord_email, duration_years, capacity, is_active, created_at, updated_at) VALUES (16, 'GENIE_DES_MATER_2', 'Genie des Materiaux et Energie', 'MASTER', 2, 'Pr. SADIK Chaouki', 'sadik.chaouki@univh2c.ma', 2, 80, TRUE, NOW(), NOW());
INSERT INTO filieres (id, code, name, type, department_id, coordinator, coord_email, duration_years, capacity, is_active, created_at, updated_at) VALUES (17, 'GESTION_DE_L_ENVIR', 'Gestion de l''Environnement et des Ressources Naturelles', 'LICENCE', 1, 'Pr. ABDELMOTTALIB', 'abdelmottalib@univh2c.ma', 3, 80, TRUE, NOW(), NOW());
INSERT INTO filieres (id, code, name, type, department_id, coordinator, coord_email, duration_years, capacity, is_active, created_at, updated_at) VALUES (18, 'SCIENCES_BIOMEDICA', 'Sciences Biomedicales Appliquees', 'LICENCE', 1, 'Pr. FARH Mohamed', 'farh.mohamed@univh2c.ma', 3, 80, TRUE, NOW(), NOW());
INSERT INTO filieres (id, code, name, type, department_id, coordinator, coord_email, duration_years, capacity, is_active, created_at, updated_at) VALUES (19, 'BIOTECHNOLOGIE_ET_', 'Biotechnologie et Production Vegetale', 'LICENCE', 1, 'Pr. MOUHTADI Ahmed', 'mouhtadi.ahmed@univh2c.ma', 3, 80, TRUE, NOW(), NOW());
INSERT INTO filieres (id, code, name, type, department_id, coordinator, coord_email, duration_years, capacity, is_active, created_at, updated_at) VALUES (20, 'SCIENCES_DE_LA_SAN', 'Sciences de la Sante', 'MASTER', 1, 'Pr. Hassan TAKI', 'hassan.taki@univh2c.ma', 2, 80, TRUE, NOW(), NOW());
INSERT INTO filieres (id, code, name, type, department_id, coordinator, coord_email, duration_years, capacity, is_active, created_at, updated_at) VALUES (21, 'BIOLOGIE_ET_SANTE', 'Biologie et Sante', 'MASTER', 1, 'Pr. Amal BOUSFIHA', 'amal.bousfiha@univh2c.ma', 2, 80, TRUE, NOW(), NOW());
INSERT INTO filieres (id, code, name, type, department_id, coordinator, coord_email, duration_years, capacity, is_active, created_at, updated_at) VALUES (22, 'BIOTECHNOLOGIE__2', 'Biotechnologie et Qualite', 'MASTER', 1, 'Pr. ECH-CHEBRT EL KETTANI M. Anass', 'ech.chebrt.el.kettani.m.@univh2c.ma', 2, 80, TRUE, NOW(), NOW());
INSERT INTO filieres (id, code, name, type, department_id, coordinator, coord_email, duration_years, capacity, is_active, created_at, updated_at) VALUES (23, 'GEOSCIENCES_ET_GEO', 'Geosciences et Georessources', 'LICENCE', 3, 'Pr. OUKASSOU Mustapha', 'oukassou.mustapha@univh2c.ma', 3, 80, TRUE, NOW(), NOW());
INSERT INTO filieres (id, code, name, type, department_id, coordinator, coord_email, duration_years, capacity, is_active, created_at, updated_at) VALUES (24, 'GEOMATIQUE_APPLIQU', 'Geomatique Appliquee aux Geosciences et a l''Environnement', 'MASTER', 3, 'Pr. MAIMOUNI Soufiane', 'maimouni.soufiane@univh2c.ma', 2, 80, TRUE, NOW(), NOW());
INSERT INTO filieres (id, code, name, type, department_id, coordinator, coord_email, duration_years, capacity, is_active, created_at, updated_at) VALUES (25, 'GEOLOGIE_APPLIQUEE', 'Geologie Appliquee a la Prospection des Ressources Naturelles', 'MASTER', 3, 'Pr. ALAOUSS Sadok', 'alaouss.sadok@univh2c.ma', 2, 80, TRUE, NOW(), NOW());

-- Professeurs reels (noms : fsbm.ma ; emails @univh2c.ma)
INSERT INTO professors (matricule, first_name, last_name, email, grade, department_id, specialty, bio, created_at, updated_at) VALUES ('PR0001', 'El Habib', 'BENLAHMAR', 'el.habib.benlahmar@univh2c.ma', 'PES', 4, 'TALN, web semantique, apprentissage automatique', 'FSBM, UH2C. Recherche : TALN, web semantique, apprentissage automatique. Google Scholar (profil verifie) : 2785 citations, h-index 24, i10-index 61. Encadrant du projet.', NOW(), NOW());
INSERT INTO professors (matricule, first_name, last_name, email, grade, department_id, specialty, bio, created_at, updated_at) VALUES ('PR0002', 'Sanaa', 'EL FILALI', 'sanaa.el.filali@univh2c.ma', 'PES', 4, 'IoT, IA, apprentissage automatique, TALN', 'FSBM, UH2C. Recherche : IoT, IA, apprentissage automatique, TALN. Google Scholar (profil verifie) : 1164 citations, h-index 13, i10-index 14. Professeure d''informatique.', NOW(), NOW());
INSERT INTO professors (matricule, first_name, last_name, email, grade, department_id, specialty, bio, created_at, updated_at) VALUES ('PR0003', 'Omar', 'ZAHOUR', 'omar.zahour@univh2c.ma', 'PH', 4, 'Chatbots, orientation educative, TALN, BERT', 'FSBM, UH2C. Recherche : Chatbots, orientation educative, TALN, BERT. Google Scholar (profil verifie) : 182 citations, h-index 5, i10-index 4. Chercheur (chatbots educatifs).', NOW(), NOW());
INSERT INTO professors (matricule, first_name, last_name, email, grade, department_id, specialty, bio, created_at, updated_at) VALUES ('PR0004', 'Kamal', 'EL GUEMMAT', 'kamal.el.guemmat@univh2c.ma', 'PH', 4, 'Data science, e-learning, big data, machine learning', 'UH2C. Recherche : Data science, e-learning, big data, machine learning. Google Scholar (profil verifie) : 395 citations, h-index 13, i10-index 15. Chercheur.', NOW(), NOW());
INSERT INTO professors (matricule, first_name, last_name, email, grade, department_id, specialty, bio, created_at, updated_at) VALUES ('PR0005', 'Mohamed', 'TALEA', 'mohamed.talea@univh2c.ma', 'PES', 4, 'Theorie des graphes, systemes intelligents, reseaux', 'UH2C. Recherche : Theorie des graphes, systemes intelligents, reseaux. Google Scholar (profil verifie) : 6755 citations, h-index 39, i10-index 121. Professeur.', NOW(), NOW());
INSERT INTO professors (matricule, first_name, last_name, email, grade, department_id, specialty, created_at, updated_at) VALUES ('PR0006', 'Lalla Malika', 'AADJOUR', 'lalla.malika.aadjour@univh2c.ma', 'PH', 1, 'MCH', NOW(), NOW());
INSERT INTO professors (matricule, first_name, last_name, email, grade, department_id, specialty, created_at, updated_at) VALUES ('PR0007', 'Halima', 'RAJI', 'halima.raji@univh2c.ma', 'PH', 2, 'MC', NOW(), NOW());
INSERT INTO professors (matricule, first_name, last_name, email, grade, department_id, specialty, created_at, updated_at) VALUES ('PR0008', 'Mostafa', 'HANOUNE', 'mostafa.hanoune@univh2c.ma', 'PA', 3, 'Chef d''equipe', NOW(), NOW());
INSERT INTO professors (matricule, first_name, last_name, email, grade, department_id, specialty, created_at, updated_at) VALUES ('PR0009', 'Hassan', 'TAKI', 'hassan.taki@univh2c.ma', 'PA', 4, NULL, NOW(), NOW());
INSERT INTO professors (matricule, first_name, last_name, email, grade, department_id, specialty, created_at, updated_at) VALUES ('PR0010', 'Latifa Bouamrani', 'MOUNA', 'latifa.bouamrani.mouna@univh2c.ma', 'PES', 5, 'PES, Directeur de labo', NOW(), NOW());
INSERT INTO professors (matricule, first_name, last_name, email, grade, department_id, specialty, created_at, updated_at) VALUES ('PR0011', 'Saida', 'ALIKOUSS', 'saida.alikouss@univh2c.ma', 'PES', 6, 'PES, Coordinatrice de Master', NOW(), NOW());
INSERT INTO professors (matricule, first_name, last_name, email, grade, department_id, specialty, created_at, updated_at) VALUES ('PR0012', 'Mhammed', 'EL KOUALI', 'mhammed.el.kouali@univh2c.ma', 'PA', 1, 'Chef de dept Chimie', NOW(), NOW());
INSERT INTO professors (matricule, first_name, last_name, email, grade, department_id, specialty, created_at, updated_at) VALUES ('PR0013', 'Imad', 'ACHIK', 'imad.achik@univh2c.ma', 'PH', 2, 'MCH, Coordinateur de filiere', NOW(), NOW());
INSERT INTO professors (matricule, first_name, last_name, email, grade, department_id, specialty, created_at, updated_at) VALUES ('PR0014', 'Nadia', 'CHAFIQ', 'nadia.chafiq@univh2c.ma', 'PA', 3, 'Chef de dept SCH', NOW(), NOW());
INSERT INTO professors (matricule, first_name, last_name, email, grade, department_id, specialty, created_at, updated_at) VALUES ('PR0015', 'Zouhir', 'BAROUDI', 'zouhir.baroudi@univh2c.ma', 'PA', 4, NULL, NOW(), NOW());
INSERT INTO professors (matricule, first_name, last_name, email, grade, department_id, specialty, created_at, updated_at) VALUES ('PR0016', 'Mohamed', 'SAMIR', 'mohamed.samir@univh2c.ma', 'PA', 5, NULL, NOW(), NOW());
INSERT INTO professors (matricule, first_name, last_name, email, grade, department_id, specialty, created_at, updated_at) VALUES ('PR0017', 'Mohamed', 'EL HILALI', 'mohamed.el.hilali@univh2c.ma', 'PA', 6, NULL, NOW(), NOW());
INSERT INTO professors (matricule, first_name, last_name, email, grade, department_id, specialty, created_at, updated_at) VALUES ('PR0018', 'Chaouki', 'SADIK', 'chaouki.sadik@univh2c.ma', 'PH', 1, 'MCH', NOW(), NOW());
INSERT INTO professors (matricule, first_name, last_name, email, grade, department_id, specialty, created_at, updated_at) VALUES ('PR0019', 'Imane', 'EL BERRAI', 'imane.el.berrai@univh2c.ma', 'PH', 2, 'MCH, Chef d''equipe', NOW(), NOW());
INSERT INTO professors (matricule, first_name, last_name, email, grade, department_id, specialty, created_at, updated_at) VALUES ('PR0020', 'Abdessamad', 'GHAFIRI', 'abdessamad.ghafiri@univh2c.ma', 'PA', 3, NULL, NOW(), NOW());
INSERT INTO professors (matricule, first_name, last_name, email, grade, department_id, specialty, created_at, updated_at) VALUES ('PR0021', 'Driss', 'RADALLAH', 'driss.radallah@univh2c.ma', 'PA', 4, NULL, NOW(), NOW());
INSERT INTO professors (matricule, first_name, last_name, email, grade, department_id, specialty, created_at, updated_at) VALUES ('PR0022', 'Hassani Ahmed', 'ADLOUNI', 'hassani.ahmed.adlouni@univh2c.ma', 'PA', 5, NULL, NOW(), NOW());
INSERT INTO professors (matricule, first_name, last_name, email, grade, department_id, specialty, created_at, updated_at) VALUES ('PR0023', 'Hanane', 'SALIH-ALJ', 'hanane.salih.alj@univh2c.ma', 'PA', 6, NULL, NOW(), NOW());
INSERT INTO professors (matricule, first_name, last_name, email, grade, department_id, specialty, created_at, updated_at) VALUES ('PR0024', 'Soumia', 'BELOUAFA', 'soumia.belouafa@univh2c.ma', 'PA', 1, NULL, NOW(), NOW());
INSERT INTO professors (matricule, first_name, last_name, email, grade, department_id, specialty, created_at, updated_at) VALUES ('PR0025', 'Aicha', 'NORDINE', 'aicha.nordine@univh2c.ma', 'PA', 2, NULL, NOW(), NOW());
INSERT INTO professors (matricule, first_name, last_name, email, grade, department_id, specialty, created_at, updated_at) VALUES ('PR0026', 'Abdelmjid', 'ABOURRICHE', 'abdelmjid.abourriche@univh2c.ma', 'PA', 3, NULL, NOW(), NOW());
INSERT INTO professors (matricule, first_name, last_name, email, grade, department_id, specialty, created_at, updated_at) VALUES ('PR0027', 'Lamia', 'BOURJA', 'lamia.bourja@univh2c.ma', 'PA', 4, NULL, NOW(), NOW());
INSERT INTO professors (matricule, first_name, last_name, email, grade, department_id, specialty, created_at, updated_at) VALUES ('PR0028', 'Samia', 'YOUSFI', 'samia.yousfi@univh2c.ma', 'PA', 5, NULL, NOW(), NOW());
INSERT INTO professors (matricule, first_name, last_name, email, grade, department_id, specialty, created_at, updated_at) VALUES ('PR0029', 'Laila', 'BENNANI', 'laila.bennani@univh2c.ma', 'PA', 6, NULL, NOW(), NOW());
INSERT INTO professors (matricule, first_name, last_name, email, grade, department_id, specialty, created_at, updated_at) VALUES ('PR0030', 'Mohamed', 'MOUMOU', 'mohamed.moumou@univh2c.ma', 'PA', 1, NULL, NOW(), NOW());
INSERT INTO professors (matricule, first_name, last_name, email, grade, department_id, specialty, created_at, updated_at) VALUES ('PR0031', 'Mohamed', 'RADID', 'mohamed.radid@univh2c.ma', 'PA', 2, NULL, NOW(), NOW());
INSERT INTO professors (matricule, first_name, last_name, email, grade, department_id, specialty, created_at, updated_at) VALUES ('PR0032', 'Driss', 'BORIKY', 'driss.boriky@univh2c.ma', 'PA', 3, NULL, NOW(), NOW());
INSERT INTO professors (matricule, first_name, last_name, email, grade, department_id, specialty, created_at, updated_at) VALUES ('PR0033', 'Bahija', 'MOUNIR', 'bahija.mounir@univh2c.ma', 'PA', 4, NULL, NOW(), NOW());
INSERT INTO professors (matricule, first_name, last_name, email, grade, department_id, specialty, created_at, updated_at) VALUES ('PR0034', 'Fatiha', 'AMEGRISSI', 'fatiha.amegrissi@univh2c.ma', 'PA', 5, NULL, NOW(), NOW());
INSERT INTO professors (matricule, first_name, last_name, email, grade, department_id, specialty, created_at, updated_at) VALUES ('PR0035', 'Jamal', 'MOULINE', 'jamal.mouline@univh2c.ma', 'PA', 6, NULL, NOW(), NOW());
INSERT INTO professors (matricule, first_name, last_name, email, grade, department_id, specialty, created_at, updated_at) VALUES ('PR0036', 'Mohamed', 'BENNISS', 'mohamed.benniss@univh2c.ma', 'PA', 1, NULL, NOW(), NOW());
INSERT INTO professors (matricule, first_name, last_name, email, grade, department_id, specialty, created_at, updated_at) VALUES ('PR0037', 'Imane', 'BOUMANCHAR', 'imane.boumanchar@univh2c.ma', 'PA', 2, NULL, NOW(), NOW());
INSERT INTO professors (matricule, first_name, last_name, email, grade, department_id, specialty, created_at, updated_at) VALUES ('PR0038', 'Said', 'BAKKALI', 'said.bakkali@univh2c.ma', 'PA', 3, NULL, NOW(), NOW());
INSERT INTO professors (matricule, first_name, last_name, email, grade, department_id, specialty, created_at, updated_at) VALUES ('PR0039', 'Boubker', 'MEHDAOUI', 'boubker.mehdaoui@univh2c.ma', 'PA', 4, NULL, NOW(), NOW());
INSERT INTO professors (matricule, first_name, last_name, email, grade, department_id, specialty, created_at, updated_at) VALUES ('PR0040', 'Youness', 'ABBOUD', 'youness.abboud@univh2c.ma', 'PA', 5, NULL, NOW(), NOW());
INSERT INTO professors (matricule, first_name, last_name, email, grade, department_id, specialty, created_at, updated_at) VALUES ('PR0041', 'Touria', 'HSSAIDA', 'touria.hssaida@univh2c.ma', 'PA', 6, NULL, NOW(), NOW());
INSERT INTO professors (matricule, first_name, last_name, email, grade, department_id, specialty, created_at, updated_at) VALUES ('PR0042', 'Mohammed', 'EZZINE', 'mohammed.ezzine@univh2c.ma', 'PA', 1, NULL, NOW(), NOW());
INSERT INTO professors (matricule, first_name, last_name, email, grade, department_id, specialty, created_at, updated_at) VALUES ('PR0043', 'Laila', 'LAASRI', 'laila.laasri@univh2c.ma', 'PA', 2, NULL, NOW(), NOW());
INSERT INTO professors (matricule, first_name, last_name, email, grade, department_id, specialty, created_at, updated_at) VALUES ('PR0044', 'Bouchra', 'RACHDI', 'bouchra.rachdi@univh2c.ma', 'PA', 3, NULL, NOW(), NOW());
INSERT INTO professors (matricule, first_name, last_name, email, grade, department_id, specialty, created_at, updated_at) VALUES ('PR0045', 'Abdelkebir', 'KENZ', 'abdelkebir.kenz@univh2c.ma', 'PA', 4, NULL, NOW(), NOW());
INSERT INTO professors (matricule, first_name, last_name, email, grade, department_id, specialty, created_at, updated_at) VALUES ('PR0046', 'Hanan', 'ELAOUOUAD', 'hanan.elaououad@univh2c.ma', 'PA', 5, NULL, NOW(), NOW());
INSERT INTO professors (matricule, first_name, last_name, email, grade, department_id, specialty, created_at, updated_at) VALUES ('PR0047', 'Hassan', 'FOUGRACH', 'hassan.fougrach@univh2c.ma', 'PA', 6, NULL, NOW(), NOW());
INSERT INTO professors (matricule, first_name, last_name, email, grade, department_id, specialty, created_at, updated_at) VALUES ('PR0048', 'Wadi', 'BADRI', 'wadi.badri@univh2c.ma', 'PA', 1, NULL, NOW(), NOW());
INSERT INTO professors (matricule, first_name, last_name, email, grade, department_id, specialty, created_at, updated_at) VALUES ('PR0049', 'Karima', 'SAMIR', 'karima.samir@univh2c.ma', 'PA', 2, NULL, NOW(), NOW());
INSERT INTO professors (matricule, first_name, last_name, email, grade, department_id, specialty, created_at, updated_at) VALUES ('PR0050', 'Ilham', 'ZERDANI', 'ilham.zerdani@univh2c.ma', 'PA', 3, NULL, NOW(), NOW());
INSERT INTO professors (matricule, first_name, last_name, email, grade, department_id, specialty, created_at, updated_at) VALUES ('PR0051', 'Ayoub', 'BELGHITI', 'ayoub.belghiti@univh2c.ma', 'PA', 4, NULL, NOW(), NOW());
INSERT INTO professors (matricule, first_name, last_name, email, grade, department_id, specialty, created_at, updated_at) VALUES ('PR0052', 'Assia', 'MOUSLIM', 'assia.mouslim@univh2c.ma', 'PA', 5, NULL, NOW(), NOW());
INSERT INTO professors (matricule, first_name, last_name, email, grade, department_id, specialty, created_at, updated_at) VALUES ('PR0053', 'Jamal', 'MOUSLIM', 'jamal.mouslim@univh2c.ma', 'PA', 6, NULL, NOW(), NOW());
INSERT INTO professors (matricule, first_name, last_name, email, grade, department_id, specialty, created_at, updated_at) VALUES ('PR0054', 'Mohammed', 'MENGGAD', 'mohammed.menggad@univh2c.ma', 'PA', 1, NULL, NOW(), NOW());
INSERT INTO professors (matricule, first_name, last_name, email, grade, department_id, specialty, created_at, updated_at) VALUES ('PR0055', 'Rabab', 'TABITE', 'rabab.tabite@univh2c.ma', 'PA', 2, NULL, NOW(), NOW());
INSERT INTO professors (matricule, first_name, last_name, email, grade, department_id, specialty, created_at, updated_at) VALUES ('PR0056', 'Mohammed', 'EL KHASMI', 'mohammed.el.khasmi@univh2c.ma', 'PA', 3, NULL, NOW(), NOW());
INSERT INTO professors (matricule, first_name, last_name, email, grade, department_id, specialty, created_at, updated_at) VALUES ('PR0057', 'R''himou', 'EL HAMOUMI', 'r.himou.el.hamoumi@univh2c.ma', 'PA', 4, NULL, NOW(), NOW());
INSERT INTO professors (matricule, first_name, last_name, email, grade, department_id, specialty, created_at, updated_at) VALUES ('PR0058', 'Latifa', 'ROHI', 'latifa.rohi@univh2c.ma', 'PA', 5, NULL, NOW(), NOW());
INSERT INTO professors (matricule, first_name, last_name, email, grade, department_id, specialty, created_at, updated_at) VALUES ('PR0059', 'Sanaa', 'AIT HAMOU', 'sanaa.ait.hamou@univh2c.ma', 'PA', 6, NULL, NOW(), NOW());
INSERT INTO professors (matricule, first_name, last_name, email, grade, department_id, specialty, created_at, updated_at) VALUES ('PR0060', 'Nadia', 'IOUNES', 'nadia.iounes@univh2c.ma', 'PA', 1, NULL, NOW(), NOW());
INSERT INTO professors (matricule, first_name, last_name, email, grade, department_id, specialty, created_at, updated_at) VALUES ('PR0061', 'Nawal', 'SAEL', 'nawal.sael@univh2c.ma', 'PA', 2, NULL, NOW(), NOW());
INSERT INTO professors (matricule, first_name, last_name, email, grade, department_id, specialty, created_at, updated_at) VALUES ('PR0062', 'Amal', 'ZAOUCH', 'amal.zaouch@univh2c.ma', 'PA', 3, NULL, NOW(), NOW());
INSERT INTO professors (matricule, first_name, last_name, email, grade, department_id, specialty, created_at, updated_at) VALUES ('PR0063', 'Faouzia', 'BENABBOU', 'faouzia.benabbou@univh2c.ma', 'PA', 4, NULL, NOW(), NOW());
INSERT INTO professors (matricule, first_name, last_name, email, grade, department_id, specialty, created_at, updated_at) VALUES ('PR0064', 'Souad', 'EL AMRANI', 'souad.el.amrani@univh2c.ma', 'PES', 5, 'PES', NOW(), NOW());
INSERT INTO professors (matricule, first_name, last_name, email, grade, department_id, specialty, created_at, updated_at) VALUES ('PR0065', 'Said', 'BELAAOUAD', 'said.belaaouad@univh2c.ma', 'PES', 6, 'PES', NOW(), NOW());
INSERT INTO professors (matricule, first_name, last_name, email, grade, department_id, specialty, created_at, updated_at) VALUES ('PR0066', 'Abdelmalek', 'ABOUSSOROR', 'abdelmalek.aboussoror@univh2c.ma', 'PA', 1, NULL, NOW(), NOW());
INSERT INTO professors (matricule, first_name, last_name, email, grade, department_id, specialty, created_at, updated_at) VALUES ('PR0067', 'Fouzia', 'EL AZZABY', 'fouzia.el.azzaby@univh2c.ma', 'PA', 2, NULL, NOW(), NOW());
INSERT INTO professors (matricule, first_name, last_name, email, grade, department_id, specialty, created_at, updated_at) VALUES ('PR0068', 'Rachida', 'AIT ABDELOUAHID', 'rachida.ait.abdelouahid@univh2c.ma', 'PA', 3, NULL, NOW(), NOW());
INSERT INTO professors (matricule, first_name, last_name, email, grade, department_id, specialty, created_at, updated_at) VALUES ('PR0069', 'Naceur', 'ACHTAICH', 'naceur.achtaich@univh2c.ma', 'PA', 4, NULL, NOW(), NOW());
INSERT INTO professors (matricule, first_name, last_name, email, grade, department_id, specialty, created_at, updated_at) VALUES ('PR0070', 'Kamal', 'ABDERRAFI', 'kamal.abderrafi@univh2c.ma', 'PA', 5, NULL, NOW(), NOW());
INSERT INTO professors (matricule, first_name, last_name, email, grade, department_id, specialty, created_at, updated_at) VALUES ('PR0071', 'R''hma', 'ADHIRI', 'r.hma.adhiri@univh2c.ma', 'PA', 6, NULL, NOW(), NOW());
INSERT INTO professors (matricule, first_name, last_name, email, grade, department_id, specialty, created_at, updated_at) VALUES ('PR0072', 'Souad', 'LAHLOU', 'souad.lahlou@univh2c.ma', 'PA', 1, NULL, NOW(), NOW());
INSERT INTO professors (matricule, first_name, last_name, email, grade, department_id, specialty, created_at, updated_at) VALUES ('PR0073', 'Touria', 'LACHHAB', 'touria.lachhab@univh2c.ma', 'PA', 2, NULL, NOW(), NOW());
INSERT INTO professors (matricule, first_name, last_name, email, grade, department_id, specialty, created_at, updated_at) VALUES ('PR0074', 'Laila', 'EL AARABI', 'laila.el.aarabi@univh2c.ma', 'PA', 3, NULL, NOW(), NOW());
INSERT INTO professors (matricule, first_name, last_name, email, grade, department_id, specialty, created_at, updated_at) VALUES ('PR0075', 'Laila', 'MOUAKKIR', 'laila.mouakkir@univh2c.ma', 'PA', 4, NULL, NOW(), NOW());
INSERT INTO professors (matricule, first_name, last_name, email, grade, department_id, specialty, created_at, updated_at) VALUES ('PR0076', 'Abderrazak', 'BOUBEKRI', 'abderrazak.boubekri@univh2c.ma', 'PA', 5, NULL, NOW(), NOW());
INSERT INTO professors (matricule, first_name, last_name, email, grade, department_id, specialty, created_at, updated_at) VALUES ('PR0077', 'Abdelilah', 'AKOUIBAA', 'abdelilah.akouibaa@univh2c.ma', 'PA', 6, NULL, NOW(), NOW());
INSERT INTO professors (matricule, first_name, last_name, email, grade, department_id, specialty, created_at, updated_at) VALUES ('PR0078', 'Meriem', 'ERRIFAIY', 'meriem.errifaiy@univh2c.ma', 'PA', 1, NULL, NOW(), NOW());
INSERT INTO professors (matricule, first_name, last_name, email, grade, department_id, specialty, created_at, updated_at) VALUES ('PR0079', 'Rachid', 'NASSIF', 'rachid.nassif@univh2c.ma', 'PA', 2, NULL, NOW(), NOW());
INSERT INTO professors (matricule, first_name, last_name, email, grade, department_id, specialty, created_at, updated_at) VALUES ('PR0080', 'Mina', 'OUMAM', 'mina.oumam@univh2c.ma', 'PA', 3, NULL, NOW(), NOW());
INSERT INTO professors (matricule, first_name, last_name, email, grade, department_id, specialty, created_at, updated_at) VALUES ('PR0081', 'Said', 'GMOUH', 'said.gmouh@univh2c.ma', 'PA', 4, NULL, NOW(), NOW());
INSERT INTO professors (matricule, first_name, last_name, email, grade, department_id, specialty, created_at, updated_at) VALUES ('PR0082', 'Latifa', 'HAJJI', 'latifa.hajji@univh2c.ma', 'PA', 5, NULL, NOW(), NOW());
INSERT INTO professors (matricule, first_name, last_name, email, grade, department_id, specialty, created_at, updated_at) VALUES ('PR0083', 'Siham', 'SLASSI', 'siham.slassi@univh2c.ma', 'PA', 6, NULL, NOW(), NOW());
INSERT INTO professors (matricule, first_name, last_name, email, grade, department_id, specialty, created_at, updated_at) VALUES ('PR0084', 'Mourad', 'BENLATTAR', 'mourad.benlattar@univh2c.ma', 'PA', 1, NULL, NOW(), NOW());
INSERT INTO professors (matricule, first_name, last_name, email, grade, department_id, specialty, created_at, updated_at) VALUES ('PR0085', 'Nabil', 'AHARRANE', 'nabil.aharrane@univh2c.ma', 'PA', 2, NULL, NOW(), NOW());
INSERT INTO professors (matricule, first_name, last_name, email, grade, department_id, specialty, created_at, updated_at) VALUES ('PR0086', 'Mustapha', 'CHAHID', 'mustapha.chahid@univh2c.ma', 'PA', 3, NULL, NOW(), NOW());
INSERT INTO professors (matricule, first_name, last_name, email, grade, department_id, specialty, created_at, updated_at) VALUES ('PR0087', 'Rachida', 'MOULTIF', 'rachida.moultif@univh2c.ma', 'PA', 4, NULL, NOW(), NOW());
INSERT INTO professors (matricule, first_name, last_name, email, grade, department_id, specialty, created_at, updated_at) VALUES ('PR0088', 'Said', 'OUASKIT', 'said.ouaskit@univh2c.ma', 'PA', 5, NULL, NOW(), NOW());
INSERT INTO professors (matricule, first_name, last_name, email, grade, department_id, specialty, created_at, updated_at) VALUES ('PR0089', 'Ouafae', 'EL HAITAMY', 'ouafae.el.haitamy@univh2c.ma', 'PA', 6, NULL, NOW(), NOW());
INSERT INTO professors (matricule, first_name, last_name, email, grade, department_id, specialty, created_at, updated_at) VALUES ('PR0090', 'Aouatif', 'DEZARI', 'aouatif.dezari@univh2c.ma', 'PA', 1, NULL, NOW(), NOW());
INSERT INTO professors (matricule, first_name, last_name, email, grade, department_id, specialty, created_at, updated_at) VALUES ('PR0091', 'Moulay Youssef', 'EL HAFIDI', 'moulay.youssef.el.hafidi@univh2c.ma', 'PA', 2, NULL, NOW(), NOW());
INSERT INTO professors (matricule, first_name, last_name, email, grade, department_id, specialty, created_at, updated_at) VALUES ('PR0092', 'Zoubida', 'SAKHI', 'zoubida.sakhi@univh2c.ma', 'PA', 3, NULL, NOW(), NOW());
INSERT INTO professors (matricule, first_name, last_name, email, grade, department_id, specialty, created_at, updated_at) VALUES ('PR0093', 'Mohamed', 'BENNAI', 'mohamed.bennai@univh2c.ma', 'PA', 4, NULL, NOW(), NOW());
INSERT INTO professors (matricule, first_name, last_name, email, grade, department_id, specialty, created_at, updated_at) VALUES ('PR0094', 'Abdelkrim', 'KARTOUNI', 'abdelkrim.kartouni@univh2c.ma', 'PA', 5, NULL, NOW(), NOW());
INSERT INTO professors (matricule, first_name, last_name, email, grade, department_id, specialty, created_at, updated_at) VALUES ('PR0095', 'Brahim', 'EL OUARDI', 'brahim.el.ouardi@univh2c.ma', 'PA', 6, NULL, NOW(), NOW());
INSERT INTO professors (matricule, first_name, last_name, email, grade, department_id, specialty, created_at, updated_at) VALUES ('PR0096', 'Abdenbi', 'KHOUAJA', 'abdenbi.khouaja@univh2c.ma', 'PA', 1, NULL, NOW(), NOW());
INSERT INTO professors (matricule, first_name, last_name, email, grade, department_id, specialty, created_at, updated_at) VALUES ('PR0097', 'Abdeltif', 'MORSAD', 'abdeltif.morsad@univh2c.ma', 'PA', 2, NULL, NOW(), NOW());
INSERT INTO professors (matricule, first_name, last_name, email, grade, department_id, specialty, created_at, updated_at) VALUES ('PR0098', 'Fatna', 'BENZOUINE', 'fatna.benzouine@univh2c.ma', 'PA', 3, NULL, NOW(), NOW());
INSERT INTO professors (matricule, first_name, last_name, email, grade, department_id, specialty, created_at, updated_at) VALUES ('PR0099', 'Mohamed', 'IDIRI', 'mohamed.idiri@univh2c.ma', 'PA', 4, NULL, NOW(), NOW());
INSERT INTO professors (matricule, first_name, last_name, email, grade, department_id, specialty, created_at, updated_at) VALUES ('PR0100', 'Abdellah', 'HAMDAOUI', 'abdellah.hamdaoui@univh2c.ma', 'PA', 5, NULL, NOW(), NOW());
INSERT INTO professors (matricule, first_name, last_name, email, grade, department_id, specialty, created_at, updated_at) VALUES ('PR0101', 'Othmane', 'DAOUDI', 'othmane.daoudi@univh2c.ma', 'PA', 6, NULL, NOW(), NOW());
INSERT INTO professors (matricule, first_name, last_name, email, grade, department_id, specialty, created_at, updated_at) VALUES ('PR0102', 'Ahmed', 'EDDAOUI', 'ahmed.eddaoui@univh2c.ma', 'PA', 1, NULL, NOW(), NOW());
INSERT INTO professors (matricule, first_name, last_name, email, grade, department_id, specialty, created_at, updated_at) VALUES ('PR0103', 'Khalid', 'ADNAOUI', 'khalid.adnaoui@univh2c.ma', 'PH', 4, 'MCH, Chef de dept Math-Info', NOW(), NOW());
INSERT INTO professors (matricule, first_name, last_name, email, grade, department_id, specialty, created_at, updated_at) VALUES ('PR0104', 'Driss', 'BOUGGAR', 'driss.bouggar@univh2c.ma', 'PH', 3, 'MC', NOW(), NOW());
INSERT INTO professors (matricule, first_name, last_name, email, grade, department_id, specialty, created_at, updated_at) VALUES ('PR0105', 'Abdelaziz', 'ETTAOUFIK', 'abdelaziz.ettaoufik@univh2c.ma', 'PES', 4, 'PES', NOW(), NOW());
INSERT INTO professors (matricule, first_name, last_name, email, grade, department_id, specialty, created_at, updated_at) VALUES ('PR0106', 'M Barka', 'MOURABIT', 'm.barka.mourabit@univh2c.ma', 'PH', 5, 'MCH, Coordinateur de filiere', NOW(), NOW());
INSERT INTO professors (matricule, first_name, last_name, email, grade, department_id, specialty, created_at, updated_at) VALUES ('PR0107', 'Hassan', 'LAARABI', 'hassan.laarabi@univh2c.ma', 'PH', 6, 'MCH', NOW(), NOW());
INSERT INTO professors (matricule, first_name, last_name, email, grade, department_id, specialty, created_at, updated_at) VALUES ('PR0108', 'Abdelhafid', 'BASSOU', 'abdelhafid.bassou@univh2c.ma', 'PA', 1, NULL, NOW(), NOW());
INSERT INTO professors (matricule, first_name, last_name, email, grade, department_id, specialty, created_at, updated_at) VALUES ('PR0109', 'Mounir', 'EL OUARRACHI', 'mounir.el.ouarrachi@univh2c.ma', 'PA', 2, NULL, NOW(), NOW());
INSERT INTO professors (matricule, first_name, last_name, email, grade, department_id, specialty, created_at, updated_at) VALUES ('PR0110', 'Soufiane', 'MAIMOUNI', 'soufiane.maimouni@univh2c.ma', 'PH', 3, 'MCH, Coordinateur de filiere', NOW(), NOW());
INSERT INTO professors (matricule, first_name, last_name, email, grade, department_id, specialty, created_at, updated_at) VALUES ('PR0111', 'CHERIF EL KETTANI Mohammed Anass', 'ECH', 'cherif.el.kettani.mohamm.ech@univh2c.ma', 'PA', 4, NULL, NOW(), NOW());
INSERT INTO professors (matricule, first_name, last_name, email, grade, department_id, specialty, created_at, updated_at) VALUES ('PR0112', 'Mohamed', 'LABZAI', 'mohamed.labzai@univh2c.ma', 'PA', 5, NULL, NOW(), NOW());
INSERT INTO professors (matricule, first_name, last_name, email, grade, department_id, specialty, created_at, updated_at) VALUES ('PR0113', 'Saida', 'EL MOUTAKI', 'saida.el.moutaki@univh2c.ma', 'PA', 6, NULL, NOW(), NOW());
INSERT INTO professors (matricule, first_name, last_name, email, grade, department_id, specialty, created_at, updated_at) VALUES ('PR0114', 'Sara', 'OUAHABI', 'sara.ouahabi@univh2c.ma', 'PH', 1, 'MCH, Coordinatrice de filiere', NOW(), NOW());
INSERT INTO professors (matricule, first_name, last_name, email, grade, department_id, specialty, created_at, updated_at) VALUES ('PR0115', 'Bouchra', 'AHARMIM', 'bouchra.aharmim@univh2c.ma', 'PA', 2, NULL, NOW(), NOW());
INSERT INTO professors (matricule, first_name, last_name, email, grade, department_id, specialty, created_at, updated_at) VALUES ('PR0116', 'Mohammed', 'BERGHOUT', 'mohammed.berghout@univh2c.ma', 'PH', 3, 'MCH', NOW(), NOW());
INSERT INTO professors (matricule, first_name, last_name, email, grade, department_id, specialty, created_at, updated_at) VALUES ('PR0117', 'Said', 'BENKADDOUR', 'said.benkaddour@univh2c.ma', 'PA', 4, NULL, NOW(), NOW());
INSERT INTO professors (matricule, first_name, last_name, email, grade, department_id, specialty, created_at, updated_at) VALUES ('PR0118', 'Samia', 'BENNANI', 'samia.bennani@univh2c.ma', 'PA', 5, NULL, NOW(), NOW());
INSERT INTO professors (matricule, first_name, last_name, email, grade, department_id, specialty, created_at, updated_at) VALUES ('PR0119', 'Fouad', 'LAHMIDI', 'fouad.lahmidi@univh2c.ma', 'PA', 6, NULL, NOW(), NOW());
INSERT INTO professors (matricule, first_name, last_name, email, grade, department_id, specialty, created_at, updated_at) VALUES ('PR0120', 'Issam', 'ATOUF', 'issam.atouf@univh2c.ma', 'PA', 1, NULL, NOW(), NOW());
INSERT INTO professors (matricule, first_name, last_name, email, grade, department_id, specialty, created_at, updated_at) VALUES ('PR0121', 'Abdessamad', 'BELANGOUR', 'abdessamad.belangour@univh2c.ma', 'PA', 2, NULL, NOW(), NOW());
INSERT INTO professors (matricule, first_name, last_name, email, grade, department_id, specialty, created_at, updated_at) VALUES ('PR0122', 'Amal', 'YALID', 'amal.yalid@univh2c.ma', 'PA', 3, NULL, NOW(), NOW());
INSERT INTO professors (matricule, first_name, last_name, email, grade, department_id, specialty, created_at, updated_at) VALUES ('PR0123', 'Keltoum', 'EL BOUHMADI', 'keltoum.el.bouhmadi@univh2c.ma', 'PA', 4, NULL, NOW(), NOW());
INSERT INTO professors (matricule, first_name, last_name, email, grade, department_id, specialty, created_at, updated_at) VALUES ('PR0124', 'Mohammed', 'AZOUAZI', 'mohammed.azouazi@univh2c.ma', 'PA', 5, NULL, NOW(), NOW());
INSERT INTO professors (matricule, first_name, last_name, email, grade, department_id, specialty, created_at, updated_at) VALUES ('PR0125', 'Abdelaziz', 'MARZAK', 'abdelaziz.marzak@univh2c.ma', 'PA', 6, NULL, NOW(), NOW());
INSERT INTO professors (matricule, first_name, last_name, email, grade, department_id, specialty, created_at, updated_at) VALUES ('PR0126', 'Fathallaah', 'BAZI', 'fathallaah.bazi@univh2c.ma', 'PA', 1, NULL, NOW(), NOW());
INSERT INTO professors (matricule, first_name, last_name, email, grade, department_id, specialty, created_at, updated_at) VALUES ('PR0127', 'Mohammed', 'AIT DAOUD', 'mohammed.ait.daoud@univh2c.ma', 'PH', 2, 'MCH, Chef d''equipe', NOW(), NOW());
INSERT INTO professors (matricule, first_name, last_name, email, grade, department_id, specialty, created_at, updated_at) VALUES ('PR0128', 'Moussa', 'BACHRAOUI', 'moussa.bachraoui@univh2c.ma', 'PH', 3, 'MC', NOW(), NOW());
INSERT INTO professors (matricule, first_name, last_name, email, grade, department_id, specialty, created_at, updated_at) VALUES ('PR0129', 'EL Mehdi', 'LOTFI', 'el.mehdi.lotfi@univh2c.ma', 'PH', 4, 'MCH', NOW(), NOW());
INSERT INTO professors (matricule, first_name, last_name, email, grade, department_id, specialty, created_at, updated_at) VALUES ('PR0130', 'Imane', 'AGMOUR', 'imane.agmour@univh2c.ma', 'PA', 5, NULL, NOW(), NOW());
INSERT INTO professors (matricule, first_name, last_name, email, grade, department_id, specialty, created_at, updated_at) VALUES ('PR0131', 'Adnane', 'BOUKHOUIMA', 'adnane.boukhouima@univh2c.ma', 'PA', 6, NULL, NOW(), NOW());
INSERT INTO professors (matricule, first_name, last_name, email, grade, department_id, specialty, created_at, updated_at) VALUES ('PR0132', 'Jamal', 'BOUYAGHROUMNI', 'jamal.bouyaghroumni@univh2c.ma', 'PA', 1, NULL, NOW(), NOW());
INSERT INTO professors (matricule, first_name, last_name, email, grade, department_id, specialty, created_at, updated_at) VALUES ('PR0133', 'Mostafa', 'EL HAFFARI', 'mostafa.el.haffari@univh2c.ma', 'PA', 2, NULL, NOW(), NOW());
INSERT INTO professors (matricule, first_name, last_name, email, grade, department_id, specialty, created_at, updated_at) VALUES ('PR0134', 'Abderrahim', 'AIT HSSI', 'abderrahim.ait.hssi@univh2c.ma', 'PH', 3, 'MC', NOW(), NOW());
INSERT INTO professors (matricule, first_name, last_name, email, grade, department_id, specialty, created_at, updated_at) VALUES ('PR0135', 'Taoufik', 'SAID', 'taoufik.said@univh2c.ma', 'PH', 4, 'MCH', NOW(), NOW());
INSERT INTO professors (matricule, first_name, last_name, email, grade, department_id, specialty, created_at, updated_at) VALUES ('PR0136', 'Sara', 'BIDAH', 'sara.bidah@univh2c.ma', 'PA', 5, NULL, NOW(), NOW());
INSERT INTO professors (matricule, first_name, last_name, email, grade, department_id, specialty, created_at, updated_at) VALUES ('PR0137', 'Hanane', 'FERJOUCHA', 'hanane.ferjoucha@univh2c.ma', 'PA', 6, NULL, NOW(), NOW());
INSERT INTO professors (matricule, first_name, last_name, email, grade, department_id, specialty, created_at, updated_at) VALUES ('PR0138', 'Smahane', 'SAADI', 'smahane.saadi@univh2c.ma', 'PA', 1, NULL, NOW(), NOW());
INSERT INTO professors (matricule, first_name, last_name, email, grade, department_id, specialty, created_at, updated_at) VALUES ('PR0139', 'Souad', 'RAHIM', 'souad.rahim@univh2c.ma', 'PA', 2, NULL, NOW(), NOW());
INSERT INTO professors (matricule, first_name, last_name, email, grade, department_id, specialty, created_at, updated_at) VALUES ('PR0140', 'Karima', 'MOHTADI', 'karima.mohtadi@univh2c.ma', 'PA', 3, NULL, NOW(), NOW());
INSERT INTO professors (matricule, first_name, last_name, email, grade, department_id, specialty, created_at, updated_at) VALUES ('PR0141', 'Fatima Zahra', 'KEHAILOU', 'fatima.zahra.kehailou@univh2c.ma', 'PA', 4, NULL, NOW(), NOW());
INSERT INTO professors (matricule, first_name, last_name, email, grade, department_id, specialty, created_at, updated_at) VALUES ('PR0142', 'Halima', 'LEBRAZI', 'halima.lebrazi@univh2c.ma', 'PA', 5, NULL, NOW(), NOW());
INSERT INTO professors (matricule, first_name, last_name, email, grade, department_id, specialty, created_at, updated_at) VALUES ('PR0143', 'Rachid', 'SAILE', 'rachid.saile@univh2c.ma', 'PA', 6, NULL, NOW(), NOW());
INSERT INTO professors (matricule, first_name, last_name, email, grade, department_id, specialty, created_at, updated_at) VALUES ('PR0144', 'Imane', 'EL OUAHABI', 'imane.el.ouahabi@univh2c.ma', 'PA', 1, NULL, NOW(), NOW());
INSERT INTO professors (matricule, first_name, last_name, email, grade, department_id, specialty, created_at, updated_at) VALUES ('PR0145', 'Samira', 'SERGHAT', 'samira.serghat@univh2c.ma', 'PA', 2, NULL, NOW(), NOW());
INSERT INTO professors (matricule, first_name, last_name, email, grade, department_id, specialty, created_at, updated_at) VALUES ('PR0146', 'Hind', 'BOUZOUBAA', 'hind.bouzoubaa@univh2c.ma', 'PA', 3, NULL, NOW(), NOW());
INSERT INTO professors (matricule, first_name, last_name, email, grade, department_id, specialty, created_at, updated_at) VALUES ('PR0147', 'Houda', 'BENNANI', 'houda.bennani@univh2c.ma', 'PA', 4, NULL, NOW(), NOW());
INSERT INTO professors (matricule, first_name, last_name, email, grade, department_id, specialty, created_at, updated_at) VALUES ('PR0148', 'Haoudya', 'HASSEN', 'haoudya.hassen@univh2c.ma', 'PA', 5, NULL, NOW(), NOW());
INSERT INTO professors (matricule, first_name, last_name, email, grade, department_id, specialty, created_at, updated_at) VALUES ('PR0149', 'Abdellatif', 'SLIMANI', 'abdellatif.slimani@univh2c.ma', 'PH', 6, 'MC', NOW(), NOW());
INSERT INTO professors (matricule, first_name, last_name, email, grade, department_id, specialty, created_at, updated_at) VALUES ('PR0150', 'Khalid', 'KANDALI', 'khalid.kandali@univh2c.ma', 'PA', 1, NULL, NOW(), NOW());
INSERT INTO professors (matricule, first_name, last_name, email, grade, department_id, specialty, created_at, updated_at) VALUES ('PR0151', 'Youssef', 'SEFRI', 'youssef.sefri@univh2c.ma', 'PA', 2, NULL, NOW(), NOW());
INSERT INTO professors (matricule, first_name, last_name, email, grade, department_id, specialty, created_at, updated_at) VALUES ('PR0152', 'Tarik', 'CHAFIQ', 'tarik.chafiq@univh2c.ma', 'PA', 3, NULL, NOW(), NOW());
INSERT INTO professors (matricule, first_name, last_name, email, grade, department_id, specialty, created_at, updated_at) VALUES ('PR0153', 'Abdelghani', 'ALALI', 'abdelghani.alali@univh2c.ma', 'PA', 4, NULL, NOW(), NOW());
INSERT INTO professors (matricule, first_name, last_name, email, grade, department_id, specialty, created_at, updated_at) VALUES ('PR0154', 'M''hammed', 'MAZROUI', 'm.hammed.mazroui@univh2c.ma', 'PA', 5, 'Chef de dept Physiques', NOW(), NOW());

-- Modules representatifs par filiere (programme type)
INSERT INTO modules (code, name, filiere_id, semester, credits, coefficient, hours_cours, hours_td, hours_tp, is_eliminatory, created_at, updated_at) VALUES ('F1M1', 'Programmation', 1, 1, 4, 1.0, 24, 18, 12, FALSE, NOW(), NOW());
INSERT INTO modules (code, name, filiere_id, semester, credits, coefficient, hours_cours, hours_td, hours_tp, is_eliminatory, created_at, updated_at) VALUES ('F1M2', 'Structures de donnees', 1, 2, 4, 1.0, 24, 18, 12, FALSE, NOW(), NOW());
INSERT INTO modules (code, name, filiere_id, semester, credits, coefficient, hours_cours, hours_td, hours_tp, is_eliminatory, created_at, updated_at) VALUES ('F1M3', 'Bases de donnees', 1, 3, 4, 1.0, 24, 18, 12, FALSE, NOW(), NOW());
INSERT INTO modules (code, name, filiere_id, semester, credits, coefficient, hours_cours, hours_td, hours_tp, is_eliminatory, created_at, updated_at) VALUES ('F1M4', 'Reseaux', 1, 4, 4, 1.0, 24, 18, 12, FALSE, NOW(), NOW());
INSERT INTO modules (code, name, filiere_id, semester, credits, coefficient, hours_cours, hours_td, hours_tp, is_eliminatory, created_at, updated_at) VALUES ('F1M5', 'Systemes d''exploitation', 1, 5, 4, 1.0, 24, 18, 12, FALSE, NOW(), NOW());
INSERT INTO modules (code, name, filiere_id, semester, credits, coefficient, hours_cours, hours_td, hours_tp, is_eliminatory, created_at, updated_at) VALUES ('F1M6', 'Genie logiciel', 1, 6, 4, 1.0, 24, 18, 12, FALSE, NOW(), NOW());
INSERT INTO modules (code, name, filiere_id, semester, credits, coefficient, hours_cours, hours_td, hours_tp, is_eliminatory, created_at, updated_at) VALUES ('F2M1', 'Structures de donnees', 2, 1, 4, 1.0, 24, 18, 12, FALSE, NOW(), NOW());
INSERT INTO modules (code, name, filiere_id, semester, credits, coefficient, hours_cours, hours_td, hours_tp, is_eliminatory, created_at, updated_at) VALUES ('F2M2', 'Bases de donnees', 2, 2, 4, 1.0, 24, 18, 12, FALSE, NOW(), NOW());
INSERT INTO modules (code, name, filiere_id, semester, credits, coefficient, hours_cours, hours_td, hours_tp, is_eliminatory, created_at, updated_at) VALUES ('F2M3', 'Reseaux', 2, 3, 4, 1.0, 24, 18, 12, FALSE, NOW(), NOW());
INSERT INTO modules (code, name, filiere_id, semester, credits, coefficient, hours_cours, hours_td, hours_tp, is_eliminatory, created_at, updated_at) VALUES ('F2M4', 'Systemes d''exploitation', 2, 4, 4, 1.0, 24, 18, 12, FALSE, NOW(), NOW());
INSERT INTO modules (code, name, filiere_id, semester, credits, coefficient, hours_cours, hours_td, hours_tp, is_eliminatory, created_at, updated_at) VALUES ('F2M5', 'Genie logiciel', 2, 5, 4, 1.0, 24, 18, 12, FALSE, NOW(), NOW());
INSERT INTO modules (code, name, filiere_id, semester, credits, coefficient, hours_cours, hours_td, hours_tp, is_eliminatory, created_at, updated_at) VALUES ('F2M6', 'Developpement Web', 2, 6, 4, 1.0, 24, 18, 12, FALSE, NOW(), NOW());
INSERT INTO modules (code, name, filiere_id, semester, credits, coefficient, hours_cours, hours_td, hours_tp, is_eliminatory, created_at, updated_at) VALUES ('F3M1', 'Bases de donnees', 3, 1, 4, 1.0, 24, 18, 12, FALSE, NOW(), NOW());
INSERT INTO modules (code, name, filiere_id, semester, credits, coefficient, hours_cours, hours_td, hours_tp, is_eliminatory, created_at, updated_at) VALUES ('F3M2', 'Reseaux', 3, 2, 4, 1.0, 24, 18, 12, FALSE, NOW(), NOW());
INSERT INTO modules (code, name, filiere_id, semester, credits, coefficient, hours_cours, hours_td, hours_tp, is_eliminatory, created_at, updated_at) VALUES ('F3M3', 'Systemes d''exploitation', 3, 3, 4, 1.0, 24, 18, 12, FALSE, NOW(), NOW());
INSERT INTO modules (code, name, filiere_id, semester, credits, coefficient, hours_cours, hours_td, hours_tp, is_eliminatory, created_at, updated_at) VALUES ('F3M4', 'Genie logiciel', 3, 4, 4, 1.0, 24, 18, 12, FALSE, NOW(), NOW());
INSERT INTO modules (code, name, filiere_id, semester, credits, coefficient, hours_cours, hours_td, hours_tp, is_eliminatory, created_at, updated_at) VALUES ('F3M5', 'Developpement Web', 3, 5, 4, 1.0, 24, 18, 12, FALSE, NOW(), NOW());
INSERT INTO modules (code, name, filiere_id, semester, credits, coefficient, hours_cours, hours_td, hours_tp, is_eliminatory, created_at, updated_at) VALUES ('F3M6', 'Intelligence Artificielle', 3, 6, 4, 1.0, 24, 18, 12, FALSE, NOW(), NOW());
INSERT INTO modules (code, name, filiere_id, semester, credits, coefficient, hours_cours, hours_td, hours_tp, is_eliminatory, created_at, updated_at) VALUES ('F4M1', 'Reseaux', 4, 1, 4, 1.0, 24, 18, 12, FALSE, NOW(), NOW());
INSERT INTO modules (code, name, filiere_id, semester, credits, coefficient, hours_cours, hours_td, hours_tp, is_eliminatory, created_at, updated_at) VALUES ('F4M2', 'Systemes d''exploitation', 4, 2, 4, 1.0, 24, 18, 12, FALSE, NOW(), NOW());
INSERT INTO modules (code, name, filiere_id, semester, credits, coefficient, hours_cours, hours_td, hours_tp, is_eliminatory, created_at, updated_at) VALUES ('F4M3', 'Genie logiciel', 4, 3, 4, 1.0, 24, 18, 12, FALSE, NOW(), NOW());
INSERT INTO modules (code, name, filiere_id, semester, credits, coefficient, hours_cours, hours_td, hours_tp, is_eliminatory, created_at, updated_at) VALUES ('F4M4', 'Developpement Web', 4, 4, 4, 1.0, 24, 18, 12, FALSE, NOW(), NOW());
INSERT INTO modules (code, name, filiere_id, semester, credits, coefficient, hours_cours, hours_td, hours_tp, is_eliminatory, created_at, updated_at) VALUES ('F4M5', 'Intelligence Artificielle', 4, 5, 4, 1.0, 24, 18, 12, FALSE, NOW(), NOW());
INSERT INTO modules (code, name, filiere_id, semester, credits, coefficient, hours_cours, hours_td, hours_tp, is_eliminatory, created_at, updated_at) VALUES ('F4M6', 'Securite informatique', 4, 6, 4, 1.0, 24, 18, 12, FALSE, NOW(), NOW());
INSERT INTO modules (code, name, filiere_id, semester, credits, coefficient, hours_cours, hours_td, hours_tp, is_eliminatory, created_at, updated_at) VALUES ('F5M1', 'Systemes d''exploitation', 5, 1, 4, 1.0, 24, 18, 12, FALSE, NOW(), NOW());
INSERT INTO modules (code, name, filiere_id, semester, credits, coefficient, hours_cours, hours_td, hours_tp, is_eliminatory, created_at, updated_at) VALUES ('F5M2', 'Genie logiciel', 5, 2, 4, 1.0, 24, 18, 12, FALSE, NOW(), NOW());
INSERT INTO modules (code, name, filiere_id, semester, credits, coefficient, hours_cours, hours_td, hours_tp, is_eliminatory, created_at, updated_at) VALUES ('F5M3', 'Developpement Web', 5, 3, 4, 1.0, 24, 18, 12, FALSE, NOW(), NOW());
INSERT INTO modules (code, name, filiere_id, semester, credits, coefficient, hours_cours, hours_td, hours_tp, is_eliminatory, created_at, updated_at) VALUES ('F5M4', 'Intelligence Artificielle', 5, 4, 4, 1.0, 24, 18, 12, FALSE, NOW(), NOW());
INSERT INTO modules (code, name, filiere_id, semester, credits, coefficient, hours_cours, hours_td, hours_tp, is_eliminatory, created_at, updated_at) VALUES ('F5M5', 'Securite informatique', 5, 5, 4, 1.0, 24, 18, 12, FALSE, NOW(), NOW());
INSERT INTO modules (code, name, filiere_id, semester, credits, coefficient, hours_cours, hours_td, hours_tp, is_eliminatory, created_at, updated_at) VALUES ('F5M6', 'Mathematiques pour l''info', 5, 6, 4, 1.0, 24, 18, 12, FALSE, NOW(), NOW());
INSERT INTO modules (code, name, filiere_id, semester, credits, coefficient, hours_cours, hours_td, hours_tp, is_eliminatory, created_at, updated_at) VALUES ('F6M1', 'Genie logiciel', 6, 1, 4, 1.0, 24, 18, 12, FALSE, NOW(), NOW());
INSERT INTO modules (code, name, filiere_id, semester, credits, coefficient, hours_cours, hours_td, hours_tp, is_eliminatory, created_at, updated_at) VALUES ('F6M2', 'Developpement Web', 6, 2, 4, 1.0, 24, 18, 12, FALSE, NOW(), NOW());
INSERT INTO modules (code, name, filiere_id, semester, credits, coefficient, hours_cours, hours_td, hours_tp, is_eliminatory, created_at, updated_at) VALUES ('F6M3', 'Intelligence Artificielle', 6, 3, 4, 1.0, 24, 18, 12, FALSE, NOW(), NOW());
INSERT INTO modules (code, name, filiere_id, semester, credits, coefficient, hours_cours, hours_td, hours_tp, is_eliminatory, created_at, updated_at) VALUES ('F6M4', 'Securite informatique', 6, 4, 4, 1.0, 24, 18, 12, FALSE, NOW(), NOW());
INSERT INTO modules (code, name, filiere_id, semester, credits, coefficient, hours_cours, hours_td, hours_tp, is_eliminatory, created_at, updated_at) VALUES ('F6M5', 'Mathematiques pour l''info', 6, 5, 4, 1.0, 24, 18, 12, FALSE, NOW(), NOW());
INSERT INTO modules (code, name, filiere_id, semester, credits, coefficient, hours_cours, hours_td, hours_tp, is_eliminatory, created_at, updated_at) VALUES ('F6M6', 'Anglais', 6, 6, 4, 1.0, 24, 18, 12, FALSE, NOW(), NOW());
INSERT INTO modules (code, name, filiere_id, semester, credits, coefficient, hours_cours, hours_td, hours_tp, is_eliminatory, created_at, updated_at) VALUES ('F7M1', 'Communication', 7, 1, 4, 1.0, 24, 18, 12, FALSE, NOW(), NOW());
INSERT INTO modules (code, name, filiere_id, semester, credits, coefficient, hours_cours, hours_td, hours_tp, is_eliminatory, created_at, updated_at) VALUES ('F7M2', 'Projet tutore', 7, 2, 4, 1.0, 24, 18, 12, FALSE, NOW(), NOW());
INSERT INTO modules (code, name, filiere_id, semester, credits, coefficient, hours_cours, hours_td, hours_tp, is_eliminatory, created_at, updated_at) VALUES ('F7M3', 'Travaux pratiques', 7, 3, 4, 1.0, 24, 18, 12, FALSE, NOW(), NOW());
INSERT INTO modules (code, name, filiere_id, semester, credits, coefficient, hours_cours, hours_td, hours_tp, is_eliminatory, created_at, updated_at) VALUES ('F7M4', 'Mathematiques', 7, 4, 4, 1.0, 24, 18, 12, FALSE, NOW(), NOW());
INSERT INTO modules (code, name, filiere_id, semester, credits, coefficient, hours_cours, hours_td, hours_tp, is_eliminatory, created_at, updated_at) VALUES ('F7M5', 'Physique', 7, 5, 4, 1.0, 24, 18, 12, FALSE, NOW(), NOW());
INSERT INTO modules (code, name, filiere_id, semester, credits, coefficient, hours_cours, hours_td, hours_tp, is_eliminatory, created_at, updated_at) VALUES ('F7M6', 'Chimie', 7, 6, 4, 1.0, 24, 18, 12, FALSE, NOW(), NOW());
INSERT INTO modules (code, name, filiere_id, semester, credits, coefficient, hours_cours, hours_td, hours_tp, is_eliminatory, created_at, updated_at) VALUES ('F8M1', 'Projet tutore', 8, 1, 4, 1.0, 24, 18, 12, FALSE, NOW(), NOW());
INSERT INTO modules (code, name, filiere_id, semester, credits, coefficient, hours_cours, hours_td, hours_tp, is_eliminatory, created_at, updated_at) VALUES ('F8M2', 'Travaux pratiques', 8, 2, 4, 1.0, 24, 18, 12, FALSE, NOW(), NOW());
INSERT INTO modules (code, name, filiere_id, semester, credits, coefficient, hours_cours, hours_td, hours_tp, is_eliminatory, created_at, updated_at) VALUES ('F8M3', 'Mathematiques', 8, 3, 4, 1.0, 24, 18, 12, FALSE, NOW(), NOW());
INSERT INTO modules (code, name, filiere_id, semester, credits, coefficient, hours_cours, hours_td, hours_tp, is_eliminatory, created_at, updated_at) VALUES ('F8M4', 'Physique', 8, 4, 4, 1.0, 24, 18, 12, FALSE, NOW(), NOW());
INSERT INTO modules (code, name, filiere_id, semester, credits, coefficient, hours_cours, hours_td, hours_tp, is_eliminatory, created_at, updated_at) VALUES ('F8M5', 'Chimie', 8, 5, 4, 1.0, 24, 18, 12, FALSE, NOW(), NOW());
INSERT INTO modules (code, name, filiere_id, semester, credits, coefficient, hours_cours, hours_td, hours_tp, is_eliminatory, created_at, updated_at) VALUES ('F8M6', 'Statistiques', 8, 6, 4, 1.0, 24, 18, 12, FALSE, NOW(), NOW());
INSERT INTO modules (code, name, filiere_id, semester, credits, coefficient, hours_cours, hours_td, hours_tp, is_eliminatory, created_at, updated_at) VALUES ('F9M1', 'Travaux pratiques', 9, 1, 4, 1.0, 24, 18, 12, FALSE, NOW(), NOW());
INSERT INTO modules (code, name, filiere_id, semester, credits, coefficient, hours_cours, hours_td, hours_tp, is_eliminatory, created_at, updated_at) VALUES ('F9M2', 'Mathematiques', 9, 2, 4, 1.0, 24, 18, 12, FALSE, NOW(), NOW());
INSERT INTO modules (code, name, filiere_id, semester, credits, coefficient, hours_cours, hours_td, hours_tp, is_eliminatory, created_at, updated_at) VALUES ('F9M3', 'Physique', 9, 3, 4, 1.0, 24, 18, 12, FALSE, NOW(), NOW());
INSERT INTO modules (code, name, filiere_id, semester, credits, coefficient, hours_cours, hours_td, hours_tp, is_eliminatory, created_at, updated_at) VALUES ('F9M4', 'Chimie', 9, 4, 4, 1.0, 24, 18, 12, FALSE, NOW(), NOW());
INSERT INTO modules (code, name, filiere_id, semester, credits, coefficient, hours_cours, hours_td, hours_tp, is_eliminatory, created_at, updated_at) VALUES ('F9M5', 'Statistiques', 9, 5, 4, 1.0, 24, 18, 12, FALSE, NOW(), NOW());
INSERT INTO modules (code, name, filiere_id, semester, credits, coefficient, hours_cours, hours_td, hours_tp, is_eliminatory, created_at, updated_at) VALUES ('F9M6', 'Methodologie', 9, 6, 4, 1.0, 24, 18, 12, FALSE, NOW(), NOW());
INSERT INTO modules (code, name, filiere_id, semester, credits, coefficient, hours_cours, hours_td, hours_tp, is_eliminatory, created_at, updated_at) VALUES ('F10M1', 'Mathematiques', 10, 1, 4, 1.0, 24, 18, 12, FALSE, NOW(), NOW());
INSERT INTO modules (code, name, filiere_id, semester, credits, coefficient, hours_cours, hours_td, hours_tp, is_eliminatory, created_at, updated_at) VALUES ('F10M2', 'Physique', 10, 2, 4, 1.0, 24, 18, 12, FALSE, NOW(), NOW());
INSERT INTO modules (code, name, filiere_id, semester, credits, coefficient, hours_cours, hours_td, hours_tp, is_eliminatory, created_at, updated_at) VALUES ('F10M3', 'Chimie', 10, 3, 4, 1.0, 24, 18, 12, FALSE, NOW(), NOW());
INSERT INTO modules (code, name, filiere_id, semester, credits, coefficient, hours_cours, hours_td, hours_tp, is_eliminatory, created_at, updated_at) VALUES ('F10M4', 'Statistiques', 10, 4, 4, 1.0, 24, 18, 12, FALSE, NOW(), NOW());
INSERT INTO modules (code, name, filiere_id, semester, credits, coefficient, hours_cours, hours_td, hours_tp, is_eliminatory, created_at, updated_at) VALUES ('F10M5', 'Methodologie', 10, 5, 4, 1.0, 24, 18, 12, FALSE, NOW(), NOW());
INSERT INTO modules (code, name, filiere_id, semester, credits, coefficient, hours_cours, hours_td, hours_tp, is_eliminatory, created_at, updated_at) VALUES ('F10M6', 'Anglais', 10, 6, 4, 1.0, 24, 18, 12, FALSE, NOW(), NOW());
INSERT INTO modules (code, name, filiere_id, semester, credits, coefficient, hours_cours, hours_td, hours_tp, is_eliminatory, created_at, updated_at) VALUES ('F11M1', 'Physique', 11, 1, 4, 1.0, 24, 18, 12, FALSE, NOW(), NOW());
INSERT INTO modules (code, name, filiere_id, semester, credits, coefficient, hours_cours, hours_td, hours_tp, is_eliminatory, created_at, updated_at) VALUES ('F11M2', 'Chimie', 11, 2, 4, 1.0, 24, 18, 12, FALSE, NOW(), NOW());
INSERT INTO modules (code, name, filiere_id, semester, credits, coefficient, hours_cours, hours_td, hours_tp, is_eliminatory, created_at, updated_at) VALUES ('F11M3', 'Statistiques', 11, 3, 4, 1.0, 24, 18, 12, FALSE, NOW(), NOW());
INSERT INTO modules (code, name, filiere_id, semester, credits, coefficient, hours_cours, hours_td, hours_tp, is_eliminatory, created_at, updated_at) VALUES ('F11M4', 'Methodologie', 11, 4, 4, 1.0, 24, 18, 12, FALSE, NOW(), NOW());
INSERT INTO modules (code, name, filiere_id, semester, credits, coefficient, hours_cours, hours_td, hours_tp, is_eliminatory, created_at, updated_at) VALUES ('F11M5', 'Anglais', 11, 5, 4, 1.0, 24, 18, 12, FALSE, NOW(), NOW());
INSERT INTO modules (code, name, filiere_id, semester, credits, coefficient, hours_cours, hours_td, hours_tp, is_eliminatory, created_at, updated_at) VALUES ('F11M6', 'Informatique', 11, 6, 4, 1.0, 24, 18, 12, FALSE, NOW(), NOW());
INSERT INTO modules (code, name, filiere_id, semester, credits, coefficient, hours_cours, hours_td, hours_tp, is_eliminatory, created_at, updated_at) VALUES ('F12M1', 'Chimie', 12, 1, 4, 1.0, 24, 18, 12, FALSE, NOW(), NOW());
INSERT INTO modules (code, name, filiere_id, semester, credits, coefficient, hours_cours, hours_td, hours_tp, is_eliminatory, created_at, updated_at) VALUES ('F12M2', 'Statistiques', 12, 2, 4, 1.0, 24, 18, 12, FALSE, NOW(), NOW());
INSERT INTO modules (code, name, filiere_id, semester, credits, coefficient, hours_cours, hours_td, hours_tp, is_eliminatory, created_at, updated_at) VALUES ('F12M3', 'Methodologie', 12, 3, 4, 1.0, 24, 18, 12, FALSE, NOW(), NOW());
INSERT INTO modules (code, name, filiere_id, semester, credits, coefficient, hours_cours, hours_td, hours_tp, is_eliminatory, created_at, updated_at) VALUES ('F12M4', 'Anglais', 12, 4, 4, 1.0, 24, 18, 12, FALSE, NOW(), NOW());
INSERT INTO modules (code, name, filiere_id, semester, credits, coefficient, hours_cours, hours_td, hours_tp, is_eliminatory, created_at, updated_at) VALUES ('F12M5', 'Informatique', 12, 5, 4, 1.0, 24, 18, 12, FALSE, NOW(), NOW());
INSERT INTO modules (code, name, filiere_id, semester, credits, coefficient, hours_cours, hours_td, hours_tp, is_eliminatory, created_at, updated_at) VALUES ('F12M6', 'Communication', 12, 6, 4, 1.0, 24, 18, 12, FALSE, NOW(), NOW());
INSERT INTO modules (code, name, filiere_id, semester, credits, coefficient, hours_cours, hours_td, hours_tp, is_eliminatory, created_at, updated_at) VALUES ('F13M1', 'Statistiques', 13, 1, 4, 1.0, 24, 18, 12, FALSE, NOW(), NOW());
INSERT INTO modules (code, name, filiere_id, semester, credits, coefficient, hours_cours, hours_td, hours_tp, is_eliminatory, created_at, updated_at) VALUES ('F13M2', 'Methodologie', 13, 2, 4, 1.0, 24, 18, 12, FALSE, NOW(), NOW());
INSERT INTO modules (code, name, filiere_id, semester, credits, coefficient, hours_cours, hours_td, hours_tp, is_eliminatory, created_at, updated_at) VALUES ('F13M3', 'Anglais', 13, 3, 4, 1.0, 24, 18, 12, FALSE, NOW(), NOW());
INSERT INTO modules (code, name, filiere_id, semester, credits, coefficient, hours_cours, hours_td, hours_tp, is_eliminatory, created_at, updated_at) VALUES ('F13M4', 'Informatique', 13, 4, 4, 1.0, 24, 18, 12, FALSE, NOW(), NOW());
INSERT INTO modules (code, name, filiere_id, semester, credits, coefficient, hours_cours, hours_td, hours_tp, is_eliminatory, created_at, updated_at) VALUES ('F13M5', 'Communication', 13, 5, 4, 1.0, 24, 18, 12, FALSE, NOW(), NOW());
INSERT INTO modules (code, name, filiere_id, semester, credits, coefficient, hours_cours, hours_td, hours_tp, is_eliminatory, created_at, updated_at) VALUES ('F13M6', 'Projet tutore', 13, 6, 4, 1.0, 24, 18, 12, FALSE, NOW(), NOW());
INSERT INTO modules (code, name, filiere_id, semester, credits, coefficient, hours_cours, hours_td, hours_tp, is_eliminatory, created_at, updated_at) VALUES ('F14M1', 'Methodologie', 14, 1, 4, 1.0, 24, 18, 12, FALSE, NOW(), NOW());
INSERT INTO modules (code, name, filiere_id, semester, credits, coefficient, hours_cours, hours_td, hours_tp, is_eliminatory, created_at, updated_at) VALUES ('F14M2', 'Anglais', 14, 2, 4, 1.0, 24, 18, 12, FALSE, NOW(), NOW());
INSERT INTO modules (code, name, filiere_id, semester, credits, coefficient, hours_cours, hours_td, hours_tp, is_eliminatory, created_at, updated_at) VALUES ('F14M3', 'Informatique', 14, 3, 4, 1.0, 24, 18, 12, FALSE, NOW(), NOW());
INSERT INTO modules (code, name, filiere_id, semester, credits, coefficient, hours_cours, hours_td, hours_tp, is_eliminatory, created_at, updated_at) VALUES ('F14M4', 'Communication', 14, 4, 4, 1.0, 24, 18, 12, FALSE, NOW(), NOW());
INSERT INTO modules (code, name, filiere_id, semester, credits, coefficient, hours_cours, hours_td, hours_tp, is_eliminatory, created_at, updated_at) VALUES ('F14M5', 'Projet tutore', 14, 5, 4, 1.0, 24, 18, 12, FALSE, NOW(), NOW());
INSERT INTO modules (code, name, filiere_id, semester, credits, coefficient, hours_cours, hours_td, hours_tp, is_eliminatory, created_at, updated_at) VALUES ('F14M6', 'Travaux pratiques', 14, 6, 4, 1.0, 24, 18, 12, FALSE, NOW(), NOW());
INSERT INTO modules (code, name, filiere_id, semester, credits, coefficient, hours_cours, hours_td, hours_tp, is_eliminatory, created_at, updated_at) VALUES ('F15M1', 'Anglais', 15, 1, 4, 1.0, 24, 18, 12, FALSE, NOW(), NOW());
INSERT INTO modules (code, name, filiere_id, semester, credits, coefficient, hours_cours, hours_td, hours_tp, is_eliminatory, created_at, updated_at) VALUES ('F15M2', 'Informatique', 15, 2, 4, 1.0, 24, 18, 12, FALSE, NOW(), NOW());
INSERT INTO modules (code, name, filiere_id, semester, credits, coefficient, hours_cours, hours_td, hours_tp, is_eliminatory, created_at, updated_at) VALUES ('F15M3', 'Communication', 15, 3, 4, 1.0, 24, 18, 12, FALSE, NOW(), NOW());
INSERT INTO modules (code, name, filiere_id, semester, credits, coefficient, hours_cours, hours_td, hours_tp, is_eliminatory, created_at, updated_at) VALUES ('F15M4', 'Projet tutore', 15, 4, 4, 1.0, 24, 18, 12, FALSE, NOW(), NOW());
INSERT INTO modules (code, name, filiere_id, semester, credits, coefficient, hours_cours, hours_td, hours_tp, is_eliminatory, created_at, updated_at) VALUES ('F15M5', 'Travaux pratiques', 15, 5, 4, 1.0, 24, 18, 12, FALSE, NOW(), NOW());
INSERT INTO modules (code, name, filiere_id, semester, credits, coefficient, hours_cours, hours_td, hours_tp, is_eliminatory, created_at, updated_at) VALUES ('F15M6', 'Mathematiques', 15, 6, 4, 1.0, 24, 18, 12, FALSE, NOW(), NOW());
INSERT INTO modules (code, name, filiere_id, semester, credits, coefficient, hours_cours, hours_td, hours_tp, is_eliminatory, created_at, updated_at) VALUES ('F16M1', 'Informatique', 16, 1, 4, 1.0, 24, 18, 12, FALSE, NOW(), NOW());
INSERT INTO modules (code, name, filiere_id, semester, credits, coefficient, hours_cours, hours_td, hours_tp, is_eliminatory, created_at, updated_at) VALUES ('F16M2', 'Communication', 16, 2, 4, 1.0, 24, 18, 12, FALSE, NOW(), NOW());
INSERT INTO modules (code, name, filiere_id, semester, credits, coefficient, hours_cours, hours_td, hours_tp, is_eliminatory, created_at, updated_at) VALUES ('F16M3', 'Projet tutore', 16, 3, 4, 1.0, 24, 18, 12, FALSE, NOW(), NOW());
INSERT INTO modules (code, name, filiere_id, semester, credits, coefficient, hours_cours, hours_td, hours_tp, is_eliminatory, created_at, updated_at) VALUES ('F16M4', 'Travaux pratiques', 16, 4, 4, 1.0, 24, 18, 12, FALSE, NOW(), NOW());
INSERT INTO modules (code, name, filiere_id, semester, credits, coefficient, hours_cours, hours_td, hours_tp, is_eliminatory, created_at, updated_at) VALUES ('F16M5', 'Mathematiques', 16, 5, 4, 1.0, 24, 18, 12, FALSE, NOW(), NOW());
INSERT INTO modules (code, name, filiere_id, semester, credits, coefficient, hours_cours, hours_td, hours_tp, is_eliminatory, created_at, updated_at) VALUES ('F16M6', 'Physique', 16, 6, 4, 1.0, 24, 18, 12, FALSE, NOW(), NOW());
INSERT INTO modules (code, name, filiere_id, semester, credits, coefficient, hours_cours, hours_td, hours_tp, is_eliminatory, created_at, updated_at) VALUES ('F17M1', 'Communication', 17, 1, 4, 1.0, 24, 18, 12, FALSE, NOW(), NOW());
INSERT INTO modules (code, name, filiere_id, semester, credits, coefficient, hours_cours, hours_td, hours_tp, is_eliminatory, created_at, updated_at) VALUES ('F17M2', 'Projet tutore', 17, 2, 4, 1.0, 24, 18, 12, FALSE, NOW(), NOW());
INSERT INTO modules (code, name, filiere_id, semester, credits, coefficient, hours_cours, hours_td, hours_tp, is_eliminatory, created_at, updated_at) VALUES ('F17M3', 'Travaux pratiques', 17, 3, 4, 1.0, 24, 18, 12, FALSE, NOW(), NOW());
INSERT INTO modules (code, name, filiere_id, semester, credits, coefficient, hours_cours, hours_td, hours_tp, is_eliminatory, created_at, updated_at) VALUES ('F17M4', 'Mathematiques', 17, 4, 4, 1.0, 24, 18, 12, FALSE, NOW(), NOW());
INSERT INTO modules (code, name, filiere_id, semester, credits, coefficient, hours_cours, hours_td, hours_tp, is_eliminatory, created_at, updated_at) VALUES ('F17M5', 'Physique', 17, 5, 4, 1.0, 24, 18, 12, FALSE, NOW(), NOW());
INSERT INTO modules (code, name, filiere_id, semester, credits, coefficient, hours_cours, hours_td, hours_tp, is_eliminatory, created_at, updated_at) VALUES ('F17M6', 'Chimie', 17, 6, 4, 1.0, 24, 18, 12, FALSE, NOW(), NOW());
INSERT INTO modules (code, name, filiere_id, semester, credits, coefficient, hours_cours, hours_td, hours_tp, is_eliminatory, created_at, updated_at) VALUES ('F18M1', 'Projet tutore', 18, 1, 4, 1.0, 24, 18, 12, FALSE, NOW(), NOW());
INSERT INTO modules (code, name, filiere_id, semester, credits, coefficient, hours_cours, hours_td, hours_tp, is_eliminatory, created_at, updated_at) VALUES ('F18M2', 'Travaux pratiques', 18, 2, 4, 1.0, 24, 18, 12, FALSE, NOW(), NOW());
INSERT INTO modules (code, name, filiere_id, semester, credits, coefficient, hours_cours, hours_td, hours_tp, is_eliminatory, created_at, updated_at) VALUES ('F18M3', 'Mathematiques', 18, 3, 4, 1.0, 24, 18, 12, FALSE, NOW(), NOW());
INSERT INTO modules (code, name, filiere_id, semester, credits, coefficient, hours_cours, hours_td, hours_tp, is_eliminatory, created_at, updated_at) VALUES ('F18M4', 'Physique', 18, 4, 4, 1.0, 24, 18, 12, FALSE, NOW(), NOW());
INSERT INTO modules (code, name, filiere_id, semester, credits, coefficient, hours_cours, hours_td, hours_tp, is_eliminatory, created_at, updated_at) VALUES ('F18M5', 'Chimie', 18, 5, 4, 1.0, 24, 18, 12, FALSE, NOW(), NOW());
INSERT INTO modules (code, name, filiere_id, semester, credits, coefficient, hours_cours, hours_td, hours_tp, is_eliminatory, created_at, updated_at) VALUES ('F18M6', 'Statistiques', 18, 6, 4, 1.0, 24, 18, 12, FALSE, NOW(), NOW());
INSERT INTO modules (code, name, filiere_id, semester, credits, coefficient, hours_cours, hours_td, hours_tp, is_eliminatory, created_at, updated_at) VALUES ('F19M1', 'Travaux pratiques', 19, 1, 4, 1.0, 24, 18, 12, FALSE, NOW(), NOW());
INSERT INTO modules (code, name, filiere_id, semester, credits, coefficient, hours_cours, hours_td, hours_tp, is_eliminatory, created_at, updated_at) VALUES ('F19M2', 'Mathematiques', 19, 2, 4, 1.0, 24, 18, 12, FALSE, NOW(), NOW());
INSERT INTO modules (code, name, filiere_id, semester, credits, coefficient, hours_cours, hours_td, hours_tp, is_eliminatory, created_at, updated_at) VALUES ('F19M3', 'Physique', 19, 3, 4, 1.0, 24, 18, 12, FALSE, NOW(), NOW());
INSERT INTO modules (code, name, filiere_id, semester, credits, coefficient, hours_cours, hours_td, hours_tp, is_eliminatory, created_at, updated_at) VALUES ('F19M4', 'Chimie', 19, 4, 4, 1.0, 24, 18, 12, FALSE, NOW(), NOW());
INSERT INTO modules (code, name, filiere_id, semester, credits, coefficient, hours_cours, hours_td, hours_tp, is_eliminatory, created_at, updated_at) VALUES ('F19M5', 'Statistiques', 19, 5, 4, 1.0, 24, 18, 12, FALSE, NOW(), NOW());
INSERT INTO modules (code, name, filiere_id, semester, credits, coefficient, hours_cours, hours_td, hours_tp, is_eliminatory, created_at, updated_at) VALUES ('F19M6', 'Methodologie', 19, 6, 4, 1.0, 24, 18, 12, FALSE, NOW(), NOW());
INSERT INTO modules (code, name, filiere_id, semester, credits, coefficient, hours_cours, hours_td, hours_tp, is_eliminatory, created_at, updated_at) VALUES ('F20M1', 'Mathematiques', 20, 1, 4, 1.0, 24, 18, 12, FALSE, NOW(), NOW());
INSERT INTO modules (code, name, filiere_id, semester, credits, coefficient, hours_cours, hours_td, hours_tp, is_eliminatory, created_at, updated_at) VALUES ('F20M2', 'Physique', 20, 2, 4, 1.0, 24, 18, 12, FALSE, NOW(), NOW());
INSERT INTO modules (code, name, filiere_id, semester, credits, coefficient, hours_cours, hours_td, hours_tp, is_eliminatory, created_at, updated_at) VALUES ('F20M3', 'Chimie', 20, 3, 4, 1.0, 24, 18, 12, FALSE, NOW(), NOW());
INSERT INTO modules (code, name, filiere_id, semester, credits, coefficient, hours_cours, hours_td, hours_tp, is_eliminatory, created_at, updated_at) VALUES ('F20M4', 'Statistiques', 20, 4, 4, 1.0, 24, 18, 12, FALSE, NOW(), NOW());
INSERT INTO modules (code, name, filiere_id, semester, credits, coefficient, hours_cours, hours_td, hours_tp, is_eliminatory, created_at, updated_at) VALUES ('F20M5', 'Methodologie', 20, 5, 4, 1.0, 24, 18, 12, FALSE, NOW(), NOW());
INSERT INTO modules (code, name, filiere_id, semester, credits, coefficient, hours_cours, hours_td, hours_tp, is_eliminatory, created_at, updated_at) VALUES ('F20M6', 'Anglais', 20, 6, 4, 1.0, 24, 18, 12, FALSE, NOW(), NOW());
INSERT INTO modules (code, name, filiere_id, semester, credits, coefficient, hours_cours, hours_td, hours_tp, is_eliminatory, created_at, updated_at) VALUES ('F21M1', 'Physique', 21, 1, 4, 1.0, 24, 18, 12, FALSE, NOW(), NOW());
INSERT INTO modules (code, name, filiere_id, semester, credits, coefficient, hours_cours, hours_td, hours_tp, is_eliminatory, created_at, updated_at) VALUES ('F21M2', 'Chimie', 21, 2, 4, 1.0, 24, 18, 12, FALSE, NOW(), NOW());
INSERT INTO modules (code, name, filiere_id, semester, credits, coefficient, hours_cours, hours_td, hours_tp, is_eliminatory, created_at, updated_at) VALUES ('F21M3', 'Statistiques', 21, 3, 4, 1.0, 24, 18, 12, FALSE, NOW(), NOW());
INSERT INTO modules (code, name, filiere_id, semester, credits, coefficient, hours_cours, hours_td, hours_tp, is_eliminatory, created_at, updated_at) VALUES ('F21M4', 'Methodologie', 21, 4, 4, 1.0, 24, 18, 12, FALSE, NOW(), NOW());
INSERT INTO modules (code, name, filiere_id, semester, credits, coefficient, hours_cours, hours_td, hours_tp, is_eliminatory, created_at, updated_at) VALUES ('F21M5', 'Anglais', 21, 5, 4, 1.0, 24, 18, 12, FALSE, NOW(), NOW());
INSERT INTO modules (code, name, filiere_id, semester, credits, coefficient, hours_cours, hours_td, hours_tp, is_eliminatory, created_at, updated_at) VALUES ('F21M6', 'Informatique', 21, 6, 4, 1.0, 24, 18, 12, FALSE, NOW(), NOW());
INSERT INTO modules (code, name, filiere_id, semester, credits, coefficient, hours_cours, hours_td, hours_tp, is_eliminatory, created_at, updated_at) VALUES ('F22M1', 'Chimie', 22, 1, 4, 1.0, 24, 18, 12, FALSE, NOW(), NOW());
INSERT INTO modules (code, name, filiere_id, semester, credits, coefficient, hours_cours, hours_td, hours_tp, is_eliminatory, created_at, updated_at) VALUES ('F22M2', 'Statistiques', 22, 2, 4, 1.0, 24, 18, 12, FALSE, NOW(), NOW());
INSERT INTO modules (code, name, filiere_id, semester, credits, coefficient, hours_cours, hours_td, hours_tp, is_eliminatory, created_at, updated_at) VALUES ('F22M3', 'Methodologie', 22, 3, 4, 1.0, 24, 18, 12, FALSE, NOW(), NOW());
INSERT INTO modules (code, name, filiere_id, semester, credits, coefficient, hours_cours, hours_td, hours_tp, is_eliminatory, created_at, updated_at) VALUES ('F22M4', 'Anglais', 22, 4, 4, 1.0, 24, 18, 12, FALSE, NOW(), NOW());
INSERT INTO modules (code, name, filiere_id, semester, credits, coefficient, hours_cours, hours_td, hours_tp, is_eliminatory, created_at, updated_at) VALUES ('F22M5', 'Informatique', 22, 5, 4, 1.0, 24, 18, 12, FALSE, NOW(), NOW());
INSERT INTO modules (code, name, filiere_id, semester, credits, coefficient, hours_cours, hours_td, hours_tp, is_eliminatory, created_at, updated_at) VALUES ('F22M6', 'Communication', 22, 6, 4, 1.0, 24, 18, 12, FALSE, NOW(), NOW());
INSERT INTO modules (code, name, filiere_id, semester, credits, coefficient, hours_cours, hours_td, hours_tp, is_eliminatory, created_at, updated_at) VALUES ('F23M1', 'Statistiques', 23, 1, 4, 1.0, 24, 18, 12, FALSE, NOW(), NOW());
INSERT INTO modules (code, name, filiere_id, semester, credits, coefficient, hours_cours, hours_td, hours_tp, is_eliminatory, created_at, updated_at) VALUES ('F23M2', 'Methodologie', 23, 2, 4, 1.0, 24, 18, 12, FALSE, NOW(), NOW());
INSERT INTO modules (code, name, filiere_id, semester, credits, coefficient, hours_cours, hours_td, hours_tp, is_eliminatory, created_at, updated_at) VALUES ('F23M3', 'Anglais', 23, 3, 4, 1.0, 24, 18, 12, FALSE, NOW(), NOW());
INSERT INTO modules (code, name, filiere_id, semester, credits, coefficient, hours_cours, hours_td, hours_tp, is_eliminatory, created_at, updated_at) VALUES ('F23M4', 'Informatique', 23, 4, 4, 1.0, 24, 18, 12, FALSE, NOW(), NOW());
INSERT INTO modules (code, name, filiere_id, semester, credits, coefficient, hours_cours, hours_td, hours_tp, is_eliminatory, created_at, updated_at) VALUES ('F23M5', 'Communication', 23, 5, 4, 1.0, 24, 18, 12, FALSE, NOW(), NOW());
INSERT INTO modules (code, name, filiere_id, semester, credits, coefficient, hours_cours, hours_td, hours_tp, is_eliminatory, created_at, updated_at) VALUES ('F23M6', 'Projet tutore', 23, 6, 4, 1.0, 24, 18, 12, FALSE, NOW(), NOW());
INSERT INTO modules (code, name, filiere_id, semester, credits, coefficient, hours_cours, hours_td, hours_tp, is_eliminatory, created_at, updated_at) VALUES ('F24M1', 'Methodologie', 24, 1, 4, 1.0, 24, 18, 12, FALSE, NOW(), NOW());
INSERT INTO modules (code, name, filiere_id, semester, credits, coefficient, hours_cours, hours_td, hours_tp, is_eliminatory, created_at, updated_at) VALUES ('F24M2', 'Anglais', 24, 2, 4, 1.0, 24, 18, 12, FALSE, NOW(), NOW());
INSERT INTO modules (code, name, filiere_id, semester, credits, coefficient, hours_cours, hours_td, hours_tp, is_eliminatory, created_at, updated_at) VALUES ('F24M3', 'Informatique', 24, 3, 4, 1.0, 24, 18, 12, FALSE, NOW(), NOW());
INSERT INTO modules (code, name, filiere_id, semester, credits, coefficient, hours_cours, hours_td, hours_tp, is_eliminatory, created_at, updated_at) VALUES ('F24M4', 'Communication', 24, 4, 4, 1.0, 24, 18, 12, FALSE, NOW(), NOW());
INSERT INTO modules (code, name, filiere_id, semester, credits, coefficient, hours_cours, hours_td, hours_tp, is_eliminatory, created_at, updated_at) VALUES ('F24M5', 'Projet tutore', 24, 5, 4, 1.0, 24, 18, 12, FALSE, NOW(), NOW());
INSERT INTO modules (code, name, filiere_id, semester, credits, coefficient, hours_cours, hours_td, hours_tp, is_eliminatory, created_at, updated_at) VALUES ('F24M6', 'Travaux pratiques', 24, 6, 4, 1.0, 24, 18, 12, FALSE, NOW(), NOW());
INSERT INTO modules (code, name, filiere_id, semester, credits, coefficient, hours_cours, hours_td, hours_tp, is_eliminatory, created_at, updated_at) VALUES ('F25M1', 'Anglais', 25, 1, 4, 1.0, 24, 18, 12, FALSE, NOW(), NOW());
INSERT INTO modules (code, name, filiere_id, semester, credits, coefficient, hours_cours, hours_td, hours_tp, is_eliminatory, created_at, updated_at) VALUES ('F25M2', 'Informatique', 25, 2, 4, 1.0, 24, 18, 12, FALSE, NOW(), NOW());
INSERT INTO modules (code, name, filiere_id, semester, credits, coefficient, hours_cours, hours_td, hours_tp, is_eliminatory, created_at, updated_at) VALUES ('F25M3', 'Communication', 25, 3, 4, 1.0, 24, 18, 12, FALSE, NOW(), NOW());
INSERT INTO modules (code, name, filiere_id, semester, credits, coefficient, hours_cours, hours_td, hours_tp, is_eliminatory, created_at, updated_at) VALUES ('F25M4', 'Projet tutore', 25, 4, 4, 1.0, 24, 18, 12, FALSE, NOW(), NOW());
INSERT INTO modules (code, name, filiere_id, semester, credits, coefficient, hours_cours, hours_td, hours_tp, is_eliminatory, created_at, updated_at) VALUES ('F25M5', 'Travaux pratiques', 25, 5, 4, 1.0, 24, 18, 12, FALSE, NOW(), NOW());
INSERT INTO modules (code, name, filiere_id, semester, credits, coefficient, hours_cours, hours_td, hours_tp, is_eliminatory, created_at, updated_at) VALUES ('F25M6', 'Mathematiques', 25, 6, 4, 1.0, 24, 18, 12, FALSE, NOW(), NOW());

-- Actualites REELLES (fsbm.ma, 2025)
INSERT INTO announcements (title, content, type, author, published_at, is_pinned, created_at) VALUES ('Inscription au Cycle de Doctorat 2025-2026', 'La Faculte des Sciences Ben M''Sick - Universite Hassan II de Casablanca informe l''ensemble des doctorants et des nouveaux candidats au doctorat du lancement du calendrier universitaire officiel pour l''annee academique 2025-2026.', 'INFO', 'Administration FSBM - Recherche', '2025-07-23 09:00:00', FALSE, NOW());
INSERT INTO announcements (title, content, type, author, published_at, is_pinned, created_at) VALUES ('Candidats convoques aux epreuves ecrites - Technologies de l''information', 'Liste des candidats convoques pour passer les epreuves ecrites en technologies de l''information, prevues le 06 juillet 2025.', 'INFO', 'Administration FSBM - Recherche', '2025-07-02 09:00:00', FALSE, NOW());
INSERT INTO announcements (title, content, type, author, published_at, is_pinned, created_at) VALUES ('Avis d''ouverture de candidature au poste de Chef de service', 'Avis d''ouverture de candidature au poste de Chef de service vacant a la Faculte des Sciences Ben M''Sick.', 'INFO', 'Administration FSBM - Services', '2025-07-02 09:00:00', FALSE, NOW());
INSERT INTO announcements (title, content, type, author, published_at, is_pinned, created_at) VALUES ('Resultat du Conseil de Discipline', 'Le Conseil de Discipline, reuni le 15 juin 2025, a statue sur plusieurs cas d''infractions au reglement interieur.', 'INFO', 'Administration FSBM - Campus', '2025-06-18 09:00:00', FALSE, NOW());
INSERT INTO announcements (title, content, type, author, published_at, is_pinned, created_at) VALUES ('Examens de la session 1 du printemps - S6 Licence d''Excellence', 'Publication de la liste des examens de la session 1 du printemps pour le semestre 6 de la Licence d''Excellence.', 'INFO', 'Administration FSBM - Recherche', '2025-06-04 09:00:00', FALSE, NOW());
INSERT INTO announcements (title, content, type, author, published_at, is_pinned, created_at) VALUES ('La FSBM renforce sa cybersecurite avec un nouveau partenaire strategique', 'A l''occasion du salon des nouvelles technologies, la FSBM a conclu un partenariat important avec un acteur majeur du domaine de la cybersecurite.', 'INFO', 'Administration FSBM - Partenariat', '2025-05-23 09:00:00', FALSE, NOW());
INSERT INTO announcements (title, content, type, author, published_at, is_pinned, created_at) VALUES ('Calendrier universitaire officiel 2025-2026', 'Publication du calendrier universitaire officiel de la Faculte des Sciences Ben M''Sick pour l''annee academique 2025-2026.', 'INFO', 'Administration FSBM - Campus', '2025-07-23 09:00:00', FALSE, NOW());
INSERT INTO announcements (title, content, type, author, published_at, is_pinned, created_at) VALUES ('Listes des etudiants inscrits 2025-2026', 'Les listes des etudiants inscrits par groupe et par section pour les semestres 2, 4 et 6 sont publiees pour les filieres IA, MI, PC et BG au titre de l''annee universitaire 2025-2026.', 'INFO', 'Administration FSBM - Campus', '2025-02-14 09:00:00', FALSE, NOW());
INSERT INTO announcements (title, content, type, author, published_at, is_pinned, created_at) VALUES ('Listes des inscrits - Session d''automne 2025-2026', 'Mise a jour des listes des inscrits pour la session d''automne de l''annee universitaire 2025-2026 (mise a jour du 10-11-2025).', 'INFO', 'Administration FSBM - Campus', '2025-10-10 09:00:00', FALSE, NOW());

-- Mot du Doyen (texte reel fsbm.ma)
INSERT INTO announcements (title, content, type, author, published_at, is_pinned, created_at) VALUES ('Mot du Doyen', 'La Faculte des Sciences Ben M''Sick (FSBM) est un etablissement ouvert et inclusif, fier de former chaque annee des milliers d''etudiants marocains et internationaux. Portee par une vision d''excellence, d''innovation et de responsabilite sociale, la FSBM s''engage a offrir un enseignement de qualite, a stimuler une recherche scientifique ambitieuse et a promouvoir une gouvernance moderne et participative. Au coeur de notre projet, nos etudiants, nos chercheurs et l''ensemble de notre personnel administratif sont pleinement impliques pour faire de la Faculte un pole de savoir rayonnant, au service du developpement durable de notre societe. Ensemble, construisons une FSBM plus forte, plus innovante et plus ouverte sur l''avenir.', 'INFO', 'Pr. Abdeslam EL BOUARI, Doyen de la FSBM', NOW(), TRUE, NOW());

-- Evenements (representatifs des activites de la faculte)
INSERT INTO events (title, description, event_type, start_date, location, organizer, created_at) VALUES ('Journee Portes Ouvertes FSBM', 'Evenement representatif des activites de la FSBM (donnee dexemple).', 'PORTES_OUVERTES', '2026-09-25 09:00:00', 'Faculte des Sciences Ben M''Sick', 'FSBM', NOW());
INSERT INTO events (title, description, event_type, start_date, location, organizer, created_at) VALUES ('Forum de l''Emploi et des Stages', 'Evenement representatif des activites de la FSBM (donnee dexemple).', 'FORUM', '2026-10-08 09:00:00', 'Campus FSBM', 'FSBM', NOW());
INSERT INTO events (title, description, event_type, start_date, location, organizer, created_at) VALUES ('Conference : IA et Cybersecurite', 'Evenement representatif des activites de la FSBM (donnee dexemple).', 'CONFERENCE', '2026-07-15 14:00:00', 'Amphi FSBM', 'FSBM', NOW());

-- Echantillon d'etudiants (modelise, rattache aux filieres reelles)
INSERT INTO students (cne, first_name, last_name, email, gender, filiere_id, annee_etude, statut, is_boursier, created_at, updated_at) VALUES ('R362950628', 'Mohamed', 'Berrada', 'mohamed.berrada.1@etu.univh2c.ma', 'M', 8, 1, 'ACTIF', TRUE, NOW(), NOW());
INSERT INTO students (cne, first_name, last_name, email, gender, filiere_id, annee_etude, statut, is_boursier, created_at, updated_at) VALUES ('R134126396', 'Bilal', 'Ouazzani', 'bilal.ouazzani.2@etu.univh2c.ma', 'M', 1, 1, 'ACTIF', TRUE, NOW(), NOW());
INSERT INTO students (cne, first_name, last_name, email, gender, filiere_id, annee_etude, statut, is_boursier, created_at, updated_at) VALUES ('R128492780', 'Anas', 'Kettani', 'anas.kettani.3@etu.univh2c.ma', 'M', 18, 1, 'ACTIF', FALSE, NOW(), NOW());
INSERT INTO students (cne, first_name, last_name, email, gender, filiere_id, annee_etude, statut, is_boursier, created_at, updated_at) VALUES ('R398704996', 'Mehdi', 'Sabri', 'mehdi.sabri.4@etu.univh2c.ma', 'M', 1, 1, 'ACTIF', FALSE, NOW(), NOW());
INSERT INTO students (cne, first_name, last_name, email, gender, filiere_id, annee_etude, statut, is_boursier, created_at, updated_at) VALUES ('R331191390', 'Sara', 'El Amrani', 'sara.el.amrani.5@etu.univh2c.ma', 'F', 25, 2, 'ACTIF', TRUE, NOW(), NOW());
INSERT INTO students (cne, first_name, last_name, email, gender, filiere_id, annee_etude, statut, is_boursier, created_at, updated_at) VALUES ('R485451171', 'Reda', 'Idrissi', 'reda.idrissi.6@etu.univh2c.ma', 'M', 12, 3, 'ACTIF', FALSE, NOW(), NOW());
INSERT INTO students (cne, first_name, last_name, email, gender, filiere_id, annee_etude, statut, is_boursier, created_at, updated_at) VALUES ('R675770529', 'Adam', 'Saidi', 'adam.saidi.7@etu.univh2c.ma', 'M', 4, 2, 'ACTIF', TRUE, NOW(), NOW());
INSERT INTO students (cne, first_name, last_name, email, gender, filiere_id, annee_etude, statut, is_boursier, created_at, updated_at) VALUES ('R488302652', 'Oumaima', 'Kettani', 'oumaima.kettani.8@etu.univh2c.ma', 'F', 19, 1, 'ACTIF', TRUE, NOW(), NOW());
INSERT INTO students (cne, first_name, last_name, email, gender, filiere_id, annee_etude, statut, is_boursier, created_at, updated_at) VALUES ('R930075810', 'Yassine', 'Lahlou', 'yassine.lahlou.9@etu.univh2c.ma', 'M', 10, 1, 'ACTIF', TRUE, NOW(), NOW());
INSERT INTO students (cne, first_name, last_name, email, gender, filiere_id, annee_etude, statut, is_boursier, created_at, updated_at) VALUES ('R586845604', 'Reda', 'Berrada', 'reda.berrada.10@etu.univh2c.ma', 'M', 21, 2, 'ACTIF', TRUE, NOW(), NOW());
INSERT INTO students (cne, first_name, last_name, email, gender, filiere_id, annee_etude, statut, is_boursier, created_at, updated_at) VALUES ('R819595113', 'Hajar', 'Tazi', 'hajar.tazi.11@etu.univh2c.ma', 'F', 9, 3, 'ACTIF', TRUE, NOW(), NOW());
INSERT INTO students (cne, first_name, last_name, email, gender, filiere_id, annee_etude, statut, is_boursier, created_at, updated_at) VALUES ('R275452091', 'Anas', 'Lahlou', 'anas.lahlou.12@etu.univh2c.ma', 'M', 15, 2, 'ACTIF', FALSE, NOW(), NOW());
INSERT INTO students (cne, first_name, last_name, email, gender, filiere_id, annee_etude, statut, is_boursier, created_at, updated_at) VALUES ('R924970419', 'Yassine', 'Sqalli', 'yassine.sqalli.13@etu.univh2c.ma', 'M', 25, 1, 'ACTIF', TRUE, NOW(), NOW());
INSERT INTO students (cne, first_name, last_name, email, gender, filiere_id, annee_etude, statut, is_boursier, created_at, updated_at) VALUES ('R530747414', 'Ismail', 'Sqalli', 'ismail.sqalli.14@etu.univh2c.ma', 'M', 9, 1, 'ACTIF', TRUE, NOW(), NOW());
INSERT INTO students (cne, first_name, last_name, email, gender, filiere_id, annee_etude, statut, is_boursier, created_at, updated_at) VALUES ('R524806516', 'Khadija', 'Bouzidi', 'khadija.bouzidi.15@etu.univh2c.ma', 'F', 21, 2, 'ACTIF', TRUE, NOW(), NOW());
INSERT INTO students (cne, first_name, last_name, email, gender, filiere_id, annee_etude, statut, is_boursier, created_at, updated_at) VALUES ('R899925830', 'Imane', 'Lahlou', 'imane.lahlou.16@etu.univh2c.ma', 'F', 18, 3, 'ACTIF', FALSE, NOW(), NOW());
INSERT INTO students (cne, first_name, last_name, email, gender, filiere_id, annee_etude, statut, is_boursier, created_at, updated_at) VALUES ('R528853029', 'Zineb', 'Sabri', 'zineb.sabri.17@etu.univh2c.ma', 'F', 12, 1, 'ACTIF', TRUE, NOW(), NOW());
INSERT INTO students (cne, first_name, last_name, email, gender, filiere_id, annee_etude, statut, is_boursier, created_at, updated_at) VALUES ('R217734861', 'Salma', 'Benani', 'salma.benani.18@etu.univh2c.ma', 'F', 5, 3, 'ACTIF', TRUE, NOW(), NOW());
INSERT INTO students (cne, first_name, last_name, email, gender, filiere_id, annee_etude, statut, is_boursier, created_at, updated_at) VALUES ('R513140753', 'Ines', 'Cherkaoui', 'ines.cherkaoui.19@etu.univh2c.ma', 'F', 13, 3, 'ACTIF', FALSE, NOW(), NOW());
INSERT INTO students (cne, first_name, last_name, email, gender, filiere_id, annee_etude, statut, is_boursier, created_at, updated_at) VALUES ('R830448745', 'Aya', 'Alaoui', 'aya.alaoui.20@etu.univh2c.ma', 'F', 24, 1, 'ACTIF', FALSE, NOW(), NOW());
INSERT INTO students (cne, first_name, last_name, email, gender, filiere_id, annee_etude, statut, is_boursier, created_at, updated_at) VALUES ('R566825638', 'Salma', 'Fassi', 'salma.fassi.21@etu.univh2c.ma', 'F', 6, 2, 'ACTIF', TRUE, NOW(), NOW());
INSERT INTO students (cne, first_name, last_name, email, gender, filiere_id, annee_etude, statut, is_boursier, created_at, updated_at) VALUES ('R645119047', 'Aya', 'Bennis', 'aya.bennis.22@etu.univh2c.ma', 'F', 4, 3, 'ACTIF', FALSE, NOW(), NOW());
INSERT INTO students (cne, first_name, last_name, email, gender, filiere_id, annee_etude, statut, is_boursier, created_at, updated_at) VALUES ('R918739736', 'Amine', 'Haddad', 'amine.haddad.23@etu.univh2c.ma', 'M', 6, 3, 'ACTIF', TRUE, NOW(), NOW());
INSERT INTO students (cne, first_name, last_name, email, gender, filiere_id, annee_etude, statut, is_boursier, created_at, updated_at) VALUES ('R220117054', 'Nada', 'Alaoui', 'nada.alaoui.24@etu.univh2c.ma', 'F', 12, 2, 'ACTIF', TRUE, NOW(), NOW());
INSERT INTO students (cne, first_name, last_name, email, gender, filiere_id, annee_etude, statut, is_boursier, created_at, updated_at) VALUES ('R184564737', 'Ayoub', 'Sabri', 'ayoub.sabri.25@etu.univh2c.ma', 'M', 3, 3, 'ACTIF', FALSE, NOW(), NOW());
INSERT INTO students (cne, first_name, last_name, email, gender, filiere_id, annee_etude, statut, is_boursier, created_at, updated_at) VALUES ('R922308461', 'Ismail', 'Rachidi', 'ismail.rachidi.26@etu.univh2c.ma', 'M', 5, 1, 'ACTIF', FALSE, NOW(), NOW());
INSERT INTO students (cne, first_name, last_name, email, gender, filiere_id, annee_etude, statut, is_boursier, created_at, updated_at) VALUES ('R751325257', 'Hamza', 'Naciri', 'hamza.naciri.27@etu.univh2c.ma', 'M', 14, 1, 'ACTIF', TRUE, NOW(), NOW());
INSERT INTO students (cne, first_name, last_name, email, gender, filiere_id, annee_etude, statut, is_boursier, created_at, updated_at) VALUES ('R570406376', 'Meryem', 'Haddad', 'meryem.haddad.28@etu.univh2c.ma', 'F', 17, 2, 'ACTIF', TRUE, NOW(), NOW());
INSERT INTO students (cne, first_name, last_name, email, gender, filiere_id, annee_etude, statut, is_boursier, created_at, updated_at) VALUES ('R463016614', 'Ayoub', 'Cherkaoui', 'ayoub.cherkaoui.29@etu.univh2c.ma', 'M', 1, 3, 'ACTIF', TRUE, NOW(), NOW());
INSERT INTO students (cne, first_name, last_name, email, gender, filiere_id, annee_etude, statut, is_boursier, created_at, updated_at) VALUES ('R860038427', 'Mohamed', 'Cherkaoui', 'mohamed.cherkaoui.30@etu.univh2c.ma', 'M', 21, 1, 'ACTIF', TRUE, NOW(), NOW());
INSERT INTO students (cne, first_name, last_name, email, gender, filiere_id, annee_etude, statut, is_boursier, created_at, updated_at) VALUES ('R454794895', 'Achraf', 'Benani', 'achraf.benani.31@etu.univh2c.ma', 'M', 3, 3, 'ACTIF', TRUE, NOW(), NOW());
INSERT INTO students (cne, first_name, last_name, email, gender, filiere_id, annee_etude, statut, is_boursier, created_at, updated_at) VALUES ('R330035022', 'Hiba', 'Bouzidi', 'hiba.bouzidi.32@etu.univh2c.ma', 'F', 18, 1, 'ACTIF', FALSE, NOW(), NOW());
INSERT INTO students (cne, first_name, last_name, email, gender, filiere_id, annee_etude, statut, is_boursier, created_at, updated_at) VALUES ('R967043303', 'Ismail', 'Bouzidi', 'ismail.bouzidi.33@etu.univh2c.ma', 'M', 14, 1, 'ACTIF', TRUE, NOW(), NOW());
INSERT INTO students (cne, first_name, last_name, email, gender, filiere_id, annee_etude, statut, is_boursier, created_at, updated_at) VALUES ('R480424119', 'Yassine', 'Ouazzani', 'yassine.ouazzani.34@etu.univh2c.ma', 'M', 14, 2, 'ACTIF', FALSE, NOW(), NOW());
INSERT INTO students (cne, first_name, last_name, email, gender, filiere_id, annee_etude, statut, is_boursier, created_at, updated_at) VALUES ('R165082363', 'Yassine', 'Idrissi', 'yassine.idrissi.35@etu.univh2c.ma', 'M', 13, 3, 'ACTIF', FALSE, NOW(), NOW());
INSERT INTO students (cne, first_name, last_name, email, gender, filiere_id, annee_etude, statut, is_boursier, created_at, updated_at) VALUES ('R304235259', 'Ayoub', 'Tazi', 'ayoub.tazi.36@etu.univh2c.ma', 'M', 18, 2, 'ACTIF', TRUE, NOW(), NOW());
INSERT INTO students (cne, first_name, last_name, email, gender, filiere_id, annee_etude, statut, is_boursier, created_at, updated_at) VALUES ('R596743109', 'Imane', 'Berrada', 'imane.berrada.37@etu.univh2c.ma', 'F', 8, 1, 'ACTIF', FALSE, NOW(), NOW());
INSERT INTO students (cne, first_name, last_name, email, gender, filiere_id, annee_etude, statut, is_boursier, created_at, updated_at) VALUES ('R997677788', 'Mohamed', 'Rachidi', 'mohamed.rachidi.38@etu.univh2c.ma', 'M', 1, 1, 'ACTIF', TRUE, NOW(), NOW());
INSERT INTO students (cne, first_name, last_name, email, gender, filiere_id, annee_etude, statut, is_boursier, created_at, updated_at) VALUES ('R616854671', 'Reda', 'Bouzidi', 'reda.bouzidi.39@etu.univh2c.ma', 'M', 7, 2, 'ACTIF', TRUE, NOW(), NOW());
INSERT INTO students (cne, first_name, last_name, email, gender, filiere_id, annee_etude, statut, is_boursier, created_at, updated_at) VALUES ('R519212169', 'Reda', 'Alaoui', 'reda.alaoui.40@etu.univh2c.ma', 'M', 9, 2, 'ACTIF', FALSE, NOW(), NOW());
INSERT INTO students (cne, first_name, last_name, email, gender, filiere_id, annee_etude, statut, is_boursier, created_at, updated_at) VALUES ('R810678904', 'Asmae', 'Rachidi', 'asmae.rachidi.41@etu.univh2c.ma', 'F', 23, 2, 'ACTIF', TRUE, NOW(), NOW());
INSERT INTO students (cne, first_name, last_name, email, gender, filiere_id, annee_etude, statut, is_boursier, created_at, updated_at) VALUES ('R162795957', 'Hamza', 'Tazi', 'hamza.tazi.42@etu.univh2c.ma', 'M', 19, 3, 'ACTIF', TRUE, NOW(), NOW());
INSERT INTO students (cne, first_name, last_name, email, gender, filiere_id, annee_etude, statut, is_boursier, created_at, updated_at) VALUES ('R727255918', 'Fatima', 'Benani', 'fatima.benani.43@etu.univh2c.ma', 'F', 16, 3, 'ACTIF', TRUE, NOW(), NOW());
INSERT INTO students (cne, first_name, last_name, email, gender, filiere_id, annee_etude, statut, is_boursier, created_at, updated_at) VALUES ('R299528037', 'Anas', 'Cherkaoui', 'anas.cherkaoui.44@etu.univh2c.ma', 'M', 3, 3, 'ACTIF', TRUE, NOW(), NOW());
INSERT INTO students (cne, first_name, last_name, email, gender, filiere_id, annee_etude, statut, is_boursier, created_at, updated_at) VALUES ('R711684318', 'Reda', 'Idrissi', 'reda.idrissi.45@etu.univh2c.ma', 'M', 8, 3, 'ACTIF', TRUE, NOW(), NOW());
INSERT INTO students (cne, first_name, last_name, email, gender, filiere_id, annee_etude, statut, is_boursier, created_at, updated_at) VALUES ('R706907788', 'Reda', 'Sabri', 'reda.sabri.46@etu.univh2c.ma', 'M', 17, 2, 'ACTIF', FALSE, NOW(), NOW());
INSERT INTO students (cne, first_name, last_name, email, gender, filiere_id, annee_etude, statut, is_boursier, created_at, updated_at) VALUES ('R356287095', 'Yassine', 'Sqalli', 'yassine.sqalli.47@etu.univh2c.ma', 'M', 9, 2, 'ACTIF', TRUE, NOW(), NOW());
INSERT INTO students (cne, first_name, last_name, email, gender, filiere_id, annee_etude, statut, is_boursier, created_at, updated_at) VALUES ('R907308348', 'Nada', 'Sqalli', 'nada.sqalli.48@etu.univh2c.ma', 'F', 3, 1, 'ACTIF', FALSE, NOW(), NOW());
INSERT INTO students (cne, first_name, last_name, email, gender, filiere_id, annee_etude, statut, is_boursier, created_at, updated_at) VALUES ('R328872698', 'Youssef', 'Rachidi', 'youssef.rachidi.49@etu.univh2c.ma', 'M', 17, 2, 'ACTIF', TRUE, NOW(), NOW());
INSERT INTO students (cne, first_name, last_name, email, gender, filiere_id, annee_etude, statut, is_boursier, created_at, updated_at) VALUES ('R362298393', 'Zineb', 'Cherkaoui', 'zineb.cherkaoui.50@etu.univh2c.ma', 'F', 12, 2, 'ACTIF', TRUE, NOW(), NOW());
INSERT INTO students (cne, first_name, last_name, email, gender, filiere_id, annee_etude, statut, is_boursier, created_at, updated_at) VALUES ('R855420240', 'Oumaima', 'Rachidi', 'oumaima.rachidi.51@etu.univh2c.ma', 'F', 10, 3, 'ACTIF', TRUE, NOW(), NOW());
INSERT INTO students (cne, first_name, last_name, email, gender, filiere_id, annee_etude, statut, is_boursier, created_at, updated_at) VALUES ('R244193987', 'Zineb', 'Idrissi', 'zineb.idrissi.52@etu.univh2c.ma', 'F', 9, 1, 'ACTIF', TRUE, NOW(), NOW());
INSERT INTO students (cne, first_name, last_name, email, gender, filiere_id, annee_etude, statut, is_boursier, created_at, updated_at) VALUES ('R749431082', 'Hamza', 'Fassi', 'hamza.fassi.53@etu.univh2c.ma', 'M', 7, 3, 'ACTIF', FALSE, NOW(), NOW());
INSERT INTO students (cne, first_name, last_name, email, gender, filiere_id, annee_etude, statut, is_boursier, created_at, updated_at) VALUES ('R642678844', 'Yassine', 'Berrada', 'yassine.berrada.54@etu.univh2c.ma', 'M', 16, 2, 'ACTIF', TRUE, NOW(), NOW());
INSERT INTO students (cne, first_name, last_name, email, gender, filiere_id, annee_etude, statut, is_boursier, created_at, updated_at) VALUES ('R990505735', 'Yassine', 'Ouazzani', 'yassine.ouazzani.55@etu.univh2c.ma', 'M', 9, 1, 'ACTIF', TRUE, NOW(), NOW());
INSERT INTO students (cne, first_name, last_name, email, gender, filiere_id, annee_etude, statut, is_boursier, created_at, updated_at) VALUES ('R784095277', 'Chaimae', 'El Amrani', 'chaimae.el.amrani.56@etu.univh2c.ma', 'F', 9, 1, 'ACTIF', FALSE, NOW(), NOW());
INSERT INTO students (cne, first_name, last_name, email, gender, filiere_id, annee_etude, statut, is_boursier, created_at, updated_at) VALUES ('R220123666', 'Aya', 'Alaoui', 'aya.alaoui.57@etu.univh2c.ma', 'F', 3, 3, 'ACTIF', TRUE, NOW(), NOW());
INSERT INTO students (cne, first_name, last_name, email, gender, filiere_id, annee_etude, statut, is_boursier, created_at, updated_at) VALUES ('R725464884', 'Walid', 'Haddad', 'walid.haddad.58@etu.univh2c.ma', 'M', 18, 1, 'ACTIF', FALSE, NOW(), NOW());
INSERT INTO students (cne, first_name, last_name, email, gender, filiere_id, annee_etude, statut, is_boursier, created_at, updated_at) VALUES ('R491541578', 'Mohamed', 'Fassi', 'mohamed.fassi.59@etu.univh2c.ma', 'M', 2, 2, 'ACTIF', TRUE, NOW(), NOW());
INSERT INTO students (cne, first_name, last_name, email, gender, filiere_id, annee_etude, statut, is_boursier, created_at, updated_at) VALUES ('R479759538', 'Yassine', 'Idrissi', 'yassine.idrissi.60@etu.univh2c.ma', 'M', 25, 3, 'ACTIF', FALSE, NOW(), NOW());
INSERT INTO students (cne, first_name, last_name, email, gender, filiere_id, annee_etude, statut, is_boursier, created_at, updated_at) VALUES ('R274484941', 'Achraf', 'Lahlou', 'achraf.lahlou.61@etu.univh2c.ma', 'M', 6, 2, 'ACTIF', TRUE, NOW(), NOW());
INSERT INTO students (cne, first_name, last_name, email, gender, filiere_id, annee_etude, statut, is_boursier, created_at, updated_at) VALUES ('R940081098', 'Adam', 'Sqalli', 'adam.sqalli.62@etu.univh2c.ma', 'M', 14, 3, 'ACTIF', TRUE, NOW(), NOW());
INSERT INTO students (cne, first_name, last_name, email, gender, filiere_id, annee_etude, statut, is_boursier, created_at, updated_at) VALUES ('R510751046', 'Imane', 'Idrissi', 'imane.idrissi.63@etu.univh2c.ma', 'F', 2, 2, 'ACTIF', TRUE, NOW(), NOW());
INSERT INTO students (cne, first_name, last_name, email, gender, filiere_id, annee_etude, statut, is_boursier, created_at, updated_at) VALUES ('R475442872', 'Walid', 'Saidi', 'walid.saidi.64@etu.univh2c.ma', 'M', 10, 1, 'ACTIF', TRUE, NOW(), NOW());
INSERT INTO students (cne, first_name, last_name, email, gender, filiere_id, annee_etude, statut, is_boursier, created_at, updated_at) VALUES ('R527849588', 'Yassine', 'Tazi', 'yassine.tazi.65@etu.univh2c.ma', 'M', 11, 2, 'ACTIF', TRUE, NOW(), NOW());
INSERT INTO students (cne, first_name, last_name, email, gender, filiere_id, annee_etude, statut, is_boursier, created_at, updated_at) VALUES ('R529151399', 'Hajar', 'Naciri', 'hajar.naciri.66@etu.univh2c.ma', 'F', 22, 3, 'ACTIF', FALSE, NOW(), NOW());
INSERT INTO students (cne, first_name, last_name, email, gender, filiere_id, annee_etude, statut, is_boursier, created_at, updated_at) VALUES ('R291735734', 'Youssef', 'Berrada', 'youssef.berrada.67@etu.univh2c.ma', 'M', 19, 2, 'ACTIF', TRUE, NOW(), NOW());
INSERT INTO students (cne, first_name, last_name, email, gender, filiere_id, annee_etude, statut, is_boursier, created_at, updated_at) VALUES ('R471178705', 'Bilal', 'Ouazzani', 'bilal.ouazzani.68@etu.univh2c.ma', 'M', 24, 2, 'ACTIF', FALSE, NOW(), NOW());
INSERT INTO students (cne, first_name, last_name, email, gender, filiere_id, annee_etude, statut, is_boursier, created_at, updated_at) VALUES ('R304095531', 'Reda', 'Sabri', 'reda.sabri.69@etu.univh2c.ma', 'M', 9, 1, 'ACTIF', FALSE, NOW(), NOW());
INSERT INTO students (cne, first_name, last_name, email, gender, filiere_id, annee_etude, statut, is_boursier, created_at, updated_at) VALUES ('R837507241', 'Anas', 'Rachidi', 'anas.rachidi.70@etu.univh2c.ma', 'M', 24, 3, 'ACTIF', TRUE, NOW(), NOW());
INSERT INTO students (cne, first_name, last_name, email, gender, filiere_id, annee_etude, statut, is_boursier, created_at, updated_at) VALUES ('R813219781', 'Meryem', 'Cherkaoui', 'meryem.cherkaoui.71@etu.univh2c.ma', 'F', 11, 3, 'ACTIF', FALSE, NOW(), NOW());
INSERT INTO students (cne, first_name, last_name, email, gender, filiere_id, annee_etude, statut, is_boursier, created_at, updated_at) VALUES ('R644518647', 'Adam', 'Fassi', 'adam.fassi.72@etu.univh2c.ma', 'M', 10, 3, 'ACTIF', FALSE, NOW(), NOW());
INSERT INTO students (cne, first_name, last_name, email, gender, filiere_id, annee_etude, statut, is_boursier, created_at, updated_at) VALUES ('R695295870', 'Meryem', 'Fassi', 'meryem.fassi.73@etu.univh2c.ma', 'F', 5, 1, 'ACTIF', FALSE, NOW(), NOW());
INSERT INTO students (cne, first_name, last_name, email, gender, filiere_id, annee_etude, statut, is_boursier, created_at, updated_at) VALUES ('R760904107', 'Hiba', 'Bennis', 'hiba.bennis.74@etu.univh2c.ma', 'F', 19, 2, 'ACTIF', FALSE, NOW(), NOW());
INSERT INTO students (cne, first_name, last_name, email, gender, filiere_id, annee_etude, statut, is_boursier, created_at, updated_at) VALUES ('R325681936', 'Hamza', 'Fassi', 'hamza.fassi.75@etu.univh2c.ma', 'M', 14, 3, 'ACTIF', FALSE, NOW(), NOW());
INSERT INTO students (cne, first_name, last_name, email, gender, filiere_id, annee_etude, statut, is_boursier, created_at, updated_at) VALUES ('R825449223', 'Nada', 'Saidi', 'nada.saidi.76@etu.univh2c.ma', 'F', 7, 3, 'ACTIF', FALSE, NOW(), NOW());
INSERT INTO students (cne, first_name, last_name, email, gender, filiere_id, annee_etude, statut, is_boursier, created_at, updated_at) VALUES ('R404713332', 'Yassine', 'Cherkaoui', 'yassine.cherkaoui.77@etu.univh2c.ma', 'M', 17, 3, 'ACTIF', FALSE, NOW(), NOW());
INSERT INTO students (cne, first_name, last_name, email, gender, filiere_id, annee_etude, statut, is_boursier, created_at, updated_at) VALUES ('R822408848', 'Walid', 'Lahlou', 'walid.lahlou.78@etu.univh2c.ma', 'M', 10, 1, 'ACTIF', TRUE, NOW(), NOW());
INSERT INTO students (cne, first_name, last_name, email, gender, filiere_id, annee_etude, statut, is_boursier, created_at, updated_at) VALUES ('R362897676', 'Mohamed', 'Benani', 'mohamed.benani.79@etu.univh2c.ma', 'M', 16, 3, 'ACTIF', TRUE, NOW(), NOW());
INSERT INTO students (cne, first_name, last_name, email, gender, filiere_id, annee_etude, statut, is_boursier, created_at, updated_at) VALUES ('R308773243', 'Meryem', 'Sabri', 'meryem.sabri.80@etu.univh2c.ma', 'F', 23, 3, 'ACTIF', FALSE, NOW(), NOW());
INSERT INTO students (cne, first_name, last_name, email, gender, filiere_id, annee_etude, statut, is_boursier, created_at, updated_at) VALUES ('R258453521', 'Meryem', 'Lahlou', 'meryem.lahlou.81@etu.univh2c.ma', 'F', 21, 3, 'ACTIF', TRUE, NOW(), NOW());
INSERT INTO students (cne, first_name, last_name, email, gender, filiere_id, annee_etude, statut, is_boursier, created_at, updated_at) VALUES ('R334978881', 'Ismail', 'Ouazzani', 'ismail.ouazzani.82@etu.univh2c.ma', 'M', 6, 3, 'ACTIF', FALSE, NOW(), NOW());
INSERT INTO students (cne, first_name, last_name, email, gender, filiere_id, annee_etude, statut, is_boursier, created_at, updated_at) VALUES ('R230307805', 'Anas', 'Lahlou', 'anas.lahlou.83@etu.univh2c.ma', 'M', 15, 1, 'ACTIF', FALSE, NOW(), NOW());
INSERT INTO students (cne, first_name, last_name, email, gender, filiere_id, annee_etude, statut, is_boursier, created_at, updated_at) VALUES ('R757830420', 'Chaimae', 'Saidi', 'chaimae.saidi.84@etu.univh2c.ma', 'F', 24, 3, 'ACTIF', FALSE, NOW(), NOW());
INSERT INTO students (cne, first_name, last_name, email, gender, filiere_id, annee_etude, statut, is_boursier, created_at, updated_at) VALUES ('R898493949', 'Zineb', 'Bennis', 'zineb.bennis.85@etu.univh2c.ma', 'F', 16, 2, 'ACTIF', FALSE, NOW(), NOW());
INSERT INTO students (cne, first_name, last_name, email, gender, filiere_id, annee_etude, statut, is_boursier, created_at, updated_at) VALUES ('R922286180', 'Walid', 'Berrada', 'walid.berrada.86@etu.univh2c.ma', 'M', 25, 3, 'ACTIF', FALSE, NOW(), NOW());
INSERT INTO students (cne, first_name, last_name, email, gender, filiere_id, annee_etude, statut, is_boursier, created_at, updated_at) VALUES ('R183197117', 'Hamza', 'Saidi', 'hamza.saidi.87@etu.univh2c.ma', 'M', 23, 2, 'ACTIF', TRUE, NOW(), NOW());
INSERT INTO students (cne, first_name, last_name, email, gender, filiere_id, annee_etude, statut, is_boursier, created_at, updated_at) VALUES ('R679984033', 'Hajar', 'Sqalli', 'hajar.sqalli.88@etu.univh2c.ma', 'F', 3, 1, 'ACTIF', TRUE, NOW(), NOW());
INSERT INTO students (cne, first_name, last_name, email, gender, filiere_id, annee_etude, statut, is_boursier, created_at, updated_at) VALUES ('R858511779', 'Reda', 'El Amrani', 'reda.el.amrani.89@etu.univh2c.ma', 'M', 7, 1, 'ACTIF', FALSE, NOW(), NOW());
INSERT INTO students (cne, first_name, last_name, email, gender, filiere_id, annee_etude, statut, is_boursier, created_at, updated_at) VALUES ('R600282414', 'Hajar', 'Rachidi', 'hajar.rachidi.90@etu.univh2c.ma', 'F', 14, 1, 'ACTIF', TRUE, NOW(), NOW());
INSERT INTO students (cne, first_name, last_name, email, gender, filiere_id, annee_etude, statut, is_boursier, created_at, updated_at) VALUES ('R846812123', 'Meryem', 'Sabri', 'meryem.sabri.91@etu.univh2c.ma', 'F', 1, 3, 'ACTIF', FALSE, NOW(), NOW());
INSERT INTO students (cne, first_name, last_name, email, gender, filiere_id, annee_etude, statut, is_boursier, created_at, updated_at) VALUES ('R420632895', 'Fatima', 'Haddad', 'fatima.haddad.92@etu.univh2c.ma', 'F', 25, 2, 'ACTIF', FALSE, NOW(), NOW());
INSERT INTO students (cne, first_name, last_name, email, gender, filiere_id, annee_etude, statut, is_boursier, created_at, updated_at) VALUES ('R393062061', 'Mehdi', 'Lahlou', 'mehdi.lahlou.93@etu.univh2c.ma', 'M', 14, 2, 'ACTIF', TRUE, NOW(), NOW());
INSERT INTO students (cne, first_name, last_name, email, gender, filiere_id, annee_etude, statut, is_boursier, created_at, updated_at) VALUES ('R877583839', 'Hajar', 'Mansouri', 'hajar.mansouri.94@etu.univh2c.ma', 'F', 6, 2, 'ACTIF', TRUE, NOW(), NOW());
INSERT INTO students (cne, first_name, last_name, email, gender, filiere_id, annee_etude, statut, is_boursier, created_at, updated_at) VALUES ('R735540030', 'Achraf', 'Mansouri', 'achraf.mansouri.95@etu.univh2c.ma', 'M', 19, 3, 'ACTIF', TRUE, NOW(), NOW());
INSERT INTO students (cne, first_name, last_name, email, gender, filiere_id, annee_etude, statut, is_boursier, created_at, updated_at) VALUES ('R245706210', 'Yassine', 'Ouazzani', 'yassine.ouazzani.96@etu.univh2c.ma', 'M', 15, 1, 'ACTIF', TRUE, NOW(), NOW());
INSERT INTO students (cne, first_name, last_name, email, gender, filiere_id, annee_etude, statut, is_boursier, created_at, updated_at) VALUES ('R327268503', 'Meryem', 'Sqalli', 'meryem.sqalli.97@etu.univh2c.ma', 'F', 15, 2, 'ACTIF', FALSE, NOW(), NOW());
INSERT INTO students (cne, first_name, last_name, email, gender, filiere_id, annee_etude, statut, is_boursier, created_at, updated_at) VALUES ('R370874491', 'Sara', 'Ouazzani', 'sara.ouazzani.98@etu.univh2c.ma', 'F', 3, 2, 'ACTIF', TRUE, NOW(), NOW());
INSERT INTO students (cne, first_name, last_name, email, gender, filiere_id, annee_etude, statut, is_boursier, created_at, updated_at) VALUES ('R798086909', 'Othmane', 'Lahlou', 'othmane.lahlou.99@etu.univh2c.ma', 'M', 3, 3, 'ACTIF', TRUE, NOW(), NOW());
INSERT INTO students (cne, first_name, last_name, email, gender, filiere_id, annee_etude, statut, is_boursier, created_at, updated_at) VALUES ('R121882877', 'Ayoub', 'Tazi', 'ayoub.tazi.100@etu.univh2c.ma', 'M', 20, 1, 'ACTIF', TRUE, NOW(), NOW());
INSERT INTO students (cne, first_name, last_name, email, gender, filiere_id, annee_etude, statut, is_boursier, created_at, updated_at) VALUES ('R705557720', 'Mehdi', 'Idrissi', 'mehdi.idrissi.101@etu.univh2c.ma', 'M', 7, 2, 'ACTIF', FALSE, NOW(), NOW());
INSERT INTO students (cne, first_name, last_name, email, gender, filiere_id, annee_etude, statut, is_boursier, created_at, updated_at) VALUES ('R752027025', 'Imane', 'Kettani', 'imane.kettani.102@etu.univh2c.ma', 'F', 24, 3, 'ACTIF', TRUE, NOW(), NOW());
INSERT INTO students (cne, first_name, last_name, email, gender, filiere_id, annee_etude, statut, is_boursier, created_at, updated_at) VALUES ('R721358005', 'Hamza', 'Idrissi', 'hamza.idrissi.103@etu.univh2c.ma', 'M', 1, 2, 'ACTIF', FALSE, NOW(), NOW());
INSERT INTO students (cne, first_name, last_name, email, gender, filiere_id, annee_etude, statut, is_boursier, created_at, updated_at) VALUES ('R181600593', 'Asmae', 'Tazi', 'asmae.tazi.104@etu.univh2c.ma', 'F', 19, 3, 'ACTIF', TRUE, NOW(), NOW());
INSERT INTO students (cne, first_name, last_name, email, gender, filiere_id, annee_etude, statut, is_boursier, created_at, updated_at) VALUES ('R834717549', 'Adam', 'Fassi', 'adam.fassi.105@etu.univh2c.ma', 'M', 20, 1, 'ACTIF', TRUE, NOW(), NOW());
INSERT INTO students (cne, first_name, last_name, email, gender, filiere_id, annee_etude, statut, is_boursier, created_at, updated_at) VALUES ('R810303128', 'Aya', 'Ouazzani', 'aya.ouazzani.106@etu.univh2c.ma', 'F', 12, 1, 'ACTIF', FALSE, NOW(), NOW());
INSERT INTO students (cne, first_name, last_name, email, gender, filiere_id, annee_etude, statut, is_boursier, created_at, updated_at) VALUES ('R982971099', 'Walid', 'Ouazzani', 'walid.ouazzani.107@etu.univh2c.ma', 'M', 16, 1, 'ACTIF', FALSE, NOW(), NOW());
INSERT INTO students (cne, first_name, last_name, email, gender, filiere_id, annee_etude, statut, is_boursier, created_at, updated_at) VALUES ('R859466878', 'Hiba', 'Saidi', 'hiba.saidi.108@etu.univh2c.ma', 'F', 5, 2, 'ACTIF', TRUE, NOW(), NOW());
INSERT INTO students (cne, first_name, last_name, email, gender, filiere_id, annee_etude, statut, is_boursier, created_at, updated_at) VALUES ('R931764920', 'Ines', 'Rachidi', 'ines.rachidi.109@etu.univh2c.ma', 'F', 16, 2, 'ACTIF', FALSE, NOW(), NOW());
INSERT INTO students (cne, first_name, last_name, email, gender, filiere_id, annee_etude, statut, is_boursier, created_at, updated_at) VALUES ('R991990632', 'Hajar', 'Lahlou', 'hajar.lahlou.110@etu.univh2c.ma', 'F', 3, 2, 'ACTIF', FALSE, NOW(), NOW());
INSERT INTO students (cne, first_name, last_name, email, gender, filiere_id, annee_etude, statut, is_boursier, created_at, updated_at) VALUES ('R711871397', 'Ismail', 'Saidi', 'ismail.saidi.111@etu.univh2c.ma', 'M', 20, 3, 'ACTIF', FALSE, NOW(), NOW());
INSERT INTO students (cne, first_name, last_name, email, gender, filiere_id, annee_etude, statut, is_boursier, created_at, updated_at) VALUES ('R448981305', 'Fatima', 'Bouzidi', 'fatima.bouzidi.112@etu.univh2c.ma', 'F', 6, 2, 'ACTIF', TRUE, NOW(), NOW());
INSERT INTO students (cne, first_name, last_name, email, gender, filiere_id, annee_etude, statut, is_boursier, created_at, updated_at) VALUES ('R465436049', 'Chaimae', 'Berrada', 'chaimae.berrada.113@etu.univh2c.ma', 'F', 9, 3, 'ACTIF', FALSE, NOW(), NOW());
INSERT INTO students (cne, first_name, last_name, email, gender, filiere_id, annee_etude, statut, is_boursier, created_at, updated_at) VALUES ('R191926217', 'Anas', 'Tazi', 'anas.tazi.114@etu.univh2c.ma', 'M', 8, 3, 'ACTIF', FALSE, NOW(), NOW());
INSERT INTO students (cne, first_name, last_name, email, gender, filiere_id, annee_etude, statut, is_boursier, created_at, updated_at) VALUES ('R841536135', 'Aya', 'Lahlou', 'aya.lahlou.115@etu.univh2c.ma', 'F', 16, 3, 'ACTIF', FALSE, NOW(), NOW());
INSERT INTO students (cne, first_name, last_name, email, gender, filiere_id, annee_etude, statut, is_boursier, created_at, updated_at) VALUES ('R199915275', 'Chaimae', 'Alaoui', 'chaimae.alaoui.116@etu.univh2c.ma', 'F', 10, 1, 'ACTIF', FALSE, NOW(), NOW());
INSERT INTO students (cne, first_name, last_name, email, gender, filiere_id, annee_etude, statut, is_boursier, created_at, updated_at) VALUES ('R496232693', 'Hamza', 'Sabri', 'hamza.sabri.117@etu.univh2c.ma', 'M', 16, 3, 'ACTIF', FALSE, NOW(), NOW());
INSERT INTO students (cne, first_name, last_name, email, gender, filiere_id, annee_etude, statut, is_boursier, created_at, updated_at) VALUES ('R455184454', 'Asmae', 'Rachidi', 'asmae.rachidi.118@etu.univh2c.ma', 'F', 12, 3, 'ACTIF', FALSE, NOW(), NOW());
INSERT INTO students (cne, first_name, last_name, email, gender, filiere_id, annee_etude, statut, is_boursier, created_at, updated_at) VALUES ('R347538338', 'Sara', 'Berrada', 'sara.berrada.119@etu.univh2c.ma', 'F', 4, 3, 'ACTIF', TRUE, NOW(), NOW());
INSERT INTO students (cne, first_name, last_name, email, gender, filiere_id, annee_etude, statut, is_boursier, created_at, updated_at) VALUES ('R918394863', 'Salma', 'Rachidi', 'salma.rachidi.120@etu.univh2c.ma', 'F', 23, 1, 'ACTIF', TRUE, NOW(), NOW());
INSERT INTO students (cne, first_name, last_name, email, gender, filiere_id, annee_etude, statut, is_boursier, created_at, updated_at) VALUES ('R396889215', 'Adam', 'Bouzidi', 'adam.bouzidi.121@etu.univh2c.ma', 'M', 24, 3, 'ACTIF', FALSE, NOW(), NOW());
INSERT INTO students (cne, first_name, last_name, email, gender, filiere_id, annee_etude, statut, is_boursier, created_at, updated_at) VALUES ('R418092217', 'Walid', 'Tazi', 'walid.tazi.122@etu.univh2c.ma', 'M', 8, 2, 'ACTIF', TRUE, NOW(), NOW());
INSERT INTO students (cne, first_name, last_name, email, gender, filiere_id, annee_etude, statut, is_boursier, created_at, updated_at) VALUES ('R235917419', 'Fatima', 'Rachidi', 'fatima.rachidi.123@etu.univh2c.ma', 'F', 9, 1, 'ACTIF', TRUE, NOW(), NOW());
INSERT INTO students (cne, first_name, last_name, email, gender, filiere_id, annee_etude, statut, is_boursier, created_at, updated_at) VALUES ('R784907325', 'Asmae', 'El Amrani', 'asmae.el.amrani.124@etu.univh2c.ma', 'F', 25, 2, 'ACTIF', TRUE, NOW(), NOW());
INSERT INTO students (cne, first_name, last_name, email, gender, filiere_id, annee_etude, statut, is_boursier, created_at, updated_at) VALUES ('R604011128', 'Bilal', 'Fassi', 'bilal.fassi.125@etu.univh2c.ma', 'M', 16, 2, 'ACTIF', FALSE, NOW(), NOW());
INSERT INTO students (cne, first_name, last_name, email, gender, filiere_id, annee_etude, statut, is_boursier, created_at, updated_at) VALUES ('R612957813', 'Mohamed', 'Berrada', 'mohamed.berrada.126@etu.univh2c.ma', 'M', 4, 1, 'ACTIF', FALSE, NOW(), NOW());
INSERT INTO students (cne, first_name, last_name, email, gender, filiere_id, annee_etude, statut, is_boursier, created_at, updated_at) VALUES ('R775862179', 'Salma', 'Sabri', 'salma.sabri.127@etu.univh2c.ma', 'F', 22, 1, 'ACTIF', TRUE, NOW(), NOW());
INSERT INTO students (cne, first_name, last_name, email, gender, filiere_id, annee_etude, statut, is_boursier, created_at, updated_at) VALUES ('R426240903', 'Ismail', 'Sabri', 'ismail.sabri.128@etu.univh2c.ma', 'M', 3, 1, 'ACTIF', TRUE, NOW(), NOW());
INSERT INTO students (cne, first_name, last_name, email, gender, filiere_id, annee_etude, statut, is_boursier, created_at, updated_at) VALUES ('R949051496', 'Ines', 'Kettani', 'ines.kettani.129@etu.univh2c.ma', 'F', 20, 1, 'ACTIF', FALSE, NOW(), NOW());
INSERT INTO students (cne, first_name, last_name, email, gender, filiere_id, annee_etude, statut, is_boursier, created_at, updated_at) VALUES ('R419280490', 'Zineb', 'Saidi', 'zineb.saidi.130@etu.univh2c.ma', 'F', 19, 2, 'ACTIF', FALSE, NOW(), NOW());
INSERT INTO students (cne, first_name, last_name, email, gender, filiere_id, annee_etude, statut, is_boursier, created_at, updated_at) VALUES ('R918982730', 'Bilal', 'Idrissi', 'bilal.idrissi.131@etu.univh2c.ma', 'M', 7, 3, 'ACTIF', TRUE, NOW(), NOW());
INSERT INTO students (cne, first_name, last_name, email, gender, filiere_id, annee_etude, statut, is_boursier, created_at, updated_at) VALUES ('R268638768', 'Hiba', 'Cherkaoui', 'hiba.cherkaoui.132@etu.univh2c.ma', 'F', 8, 1, 'ACTIF', TRUE, NOW(), NOW());
INSERT INTO students (cne, first_name, last_name, email, gender, filiere_id, annee_etude, statut, is_boursier, created_at, updated_at) VALUES ('R583724666', 'Mohamed', 'Ouazzani', 'mohamed.ouazzani.133@etu.univh2c.ma', 'M', 23, 3, 'ACTIF', FALSE, NOW(), NOW());
INSERT INTO students (cne, first_name, last_name, email, gender, filiere_id, annee_etude, statut, is_boursier, created_at, updated_at) VALUES ('R409350265', 'Fatima', 'Lahlou', 'fatima.lahlou.134@etu.univh2c.ma', 'F', 23, 2, 'ACTIF', FALSE, NOW(), NOW());
INSERT INTO students (cne, first_name, last_name, email, gender, filiere_id, annee_etude, statut, is_boursier, created_at, updated_at) VALUES ('R384063364', 'Yassine', 'Lahlou', 'yassine.lahlou.135@etu.univh2c.ma', 'M', 21, 3, 'ACTIF', TRUE, NOW(), NOW());
INSERT INTO students (cne, first_name, last_name, email, gender, filiere_id, annee_etude, statut, is_boursier, created_at, updated_at) VALUES ('R341387305', 'Salma', 'Rachidi', 'salma.rachidi.136@etu.univh2c.ma', 'F', 21, 1, 'ACTIF', FALSE, NOW(), NOW());
INSERT INTO students (cne, first_name, last_name, email, gender, filiere_id, annee_etude, statut, is_boursier, created_at, updated_at) VALUES ('R278158234', 'Youssef', 'Benani', 'youssef.benani.137@etu.univh2c.ma', 'M', 10, 3, 'ACTIF', FALSE, NOW(), NOW());
INSERT INTO students (cne, first_name, last_name, email, gender, filiere_id, annee_etude, statut, is_boursier, created_at, updated_at) VALUES ('R839462365', 'Salma', 'Saidi', 'salma.saidi.138@etu.univh2c.ma', 'F', 10, 3, 'ACTIF', FALSE, NOW(), NOW());
INSERT INTO students (cne, first_name, last_name, email, gender, filiere_id, annee_etude, statut, is_boursier, created_at, updated_at) VALUES ('R630208579', 'Aya', 'Rachidi', 'aya.rachidi.139@etu.univh2c.ma', 'F', 15, 1, 'ACTIF', TRUE, NOW(), NOW());
INSERT INTO students (cne, first_name, last_name, email, gender, filiere_id, annee_etude, statut, is_boursier, created_at, updated_at) VALUES ('R748232591', 'Asmae', 'Sqalli', 'asmae.sqalli.140@etu.univh2c.ma', 'F', 9, 1, 'ACTIF', TRUE, NOW(), NOW());
INSERT INTO students (cne, first_name, last_name, email, gender, filiere_id, annee_etude, statut, is_boursier, created_at, updated_at) VALUES ('R730418447', 'Yassine', 'Sabri', 'yassine.sabri.141@etu.univh2c.ma', 'M', 1, 3, 'ACTIF', FALSE, NOW(), NOW());
INSERT INTO students (cne, first_name, last_name, email, gender, filiere_id, annee_etude, statut, is_boursier, created_at, updated_at) VALUES ('R605196410', 'Ismail', 'Bennis', 'ismail.bennis.142@etu.univh2c.ma', 'M', 17, 3, 'ACTIF', FALSE, NOW(), NOW());
INSERT INTO students (cne, first_name, last_name, email, gender, filiere_id, annee_etude, statut, is_boursier, created_at, updated_at) VALUES ('R568027936', 'Imane', 'Sabri', 'imane.sabri.143@etu.univh2c.ma', 'F', 21, 2, 'ACTIF', TRUE, NOW(), NOW());
INSERT INTO students (cne, first_name, last_name, email, gender, filiere_id, annee_etude, statut, is_boursier, created_at, updated_at) VALUES ('R457887167', 'Hajar', 'Ouazzani', 'hajar.ouazzani.144@etu.univh2c.ma', 'F', 11, 3, 'ACTIF', TRUE, NOW(), NOW());
INSERT INTO students (cne, first_name, last_name, email, gender, filiere_id, annee_etude, statut, is_boursier, created_at, updated_at) VALUES ('R844826434', 'Othmane', 'Ouazzani', 'othmane.ouazzani.145@etu.univh2c.ma', 'M', 16, 2, 'ACTIF', FALSE, NOW(), NOW());
INSERT INTO students (cne, first_name, last_name, email, gender, filiere_id, annee_etude, statut, is_boursier, created_at, updated_at) VALUES ('R437710224', 'Mehdi', 'Cherkaoui', 'mehdi.cherkaoui.146@etu.univh2c.ma', 'M', 9, 2, 'ACTIF', TRUE, NOW(), NOW());
INSERT INTO students (cne, first_name, last_name, email, gender, filiere_id, annee_etude, statut, is_boursier, created_at, updated_at) VALUES ('R985758835', 'Oumaima', 'Naciri', 'oumaima.naciri.147@etu.univh2c.ma', 'F', 1, 3, 'ACTIF', FALSE, NOW(), NOW());
INSERT INTO students (cne, first_name, last_name, email, gender, filiere_id, annee_etude, statut, is_boursier, created_at, updated_at) VALUES ('R656670062', 'Fatima', 'Tazi', 'fatima.tazi.148@etu.univh2c.ma', 'F', 12, 3, 'ACTIF', FALSE, NOW(), NOW());
INSERT INTO students (cne, first_name, last_name, email, gender, filiere_id, annee_etude, statut, is_boursier, created_at, updated_at) VALUES ('R318568997', 'Chaimae', 'Benani', 'chaimae.benani.149@etu.univh2c.ma', 'F', 9, 3, 'ACTIF', TRUE, NOW(), NOW());
INSERT INTO students (cne, first_name, last_name, email, gender, filiere_id, annee_etude, statut, is_boursier, created_at, updated_at) VALUES ('R230380269', 'Nada', 'Bouzidi', 'nada.bouzidi.150@etu.univh2c.ma', 'F', 1, 3, 'ACTIF', TRUE, NOW(), NOW());
INSERT INTO students (cne, first_name, last_name, email, gender, filiere_id, annee_etude, statut, is_boursier, created_at, updated_at) VALUES ('R114682844', 'Hamza', 'Rachidi', 'hamza.rachidi.151@etu.univh2c.ma', 'M', 18, 2, 'ACTIF', TRUE, NOW(), NOW());
INSERT INTO students (cne, first_name, last_name, email, gender, filiere_id, annee_etude, statut, is_boursier, created_at, updated_at) VALUES ('R595475899', 'Walid', 'Idrissi', 'walid.idrissi.152@etu.univh2c.ma', 'M', 4, 3, 'ACTIF', TRUE, NOW(), NOW());
INSERT INTO students (cne, first_name, last_name, email, gender, filiere_id, annee_etude, statut, is_boursier, created_at, updated_at) VALUES ('R646397165', 'Zineb', 'Fassi', 'zineb.fassi.153@etu.univh2c.ma', 'F', 23, 2, 'ACTIF', FALSE, NOW(), NOW());
INSERT INTO students (cne, first_name, last_name, email, gender, filiere_id, annee_etude, statut, is_boursier, created_at, updated_at) VALUES ('R590470737', 'Nada', 'Lahlou', 'nada.lahlou.154@etu.univh2c.ma', 'F', 18, 1, 'ACTIF', FALSE, NOW(), NOW());
INSERT INTO students (cne, first_name, last_name, email, gender, filiere_id, annee_etude, statut, is_boursier, created_at, updated_at) VALUES ('R645719501', 'Achraf', 'Kettani', 'achraf.kettani.155@etu.univh2c.ma', 'M', 24, 1, 'ACTIF', TRUE, NOW(), NOW());
INSERT INTO students (cne, first_name, last_name, email, gender, filiere_id, annee_etude, statut, is_boursier, created_at, updated_at) VALUES ('R464938258', 'Chaimae', 'Ouazzani', 'chaimae.ouazzani.156@etu.univh2c.ma', 'F', 17, 2, 'ACTIF', TRUE, NOW(), NOW());
INSERT INTO students (cne, first_name, last_name, email, gender, filiere_id, annee_etude, statut, is_boursier, created_at, updated_at) VALUES ('R999232921', 'Asmae', 'Fassi', 'asmae.fassi.157@etu.univh2c.ma', 'F', 19, 3, 'ACTIF', FALSE, NOW(), NOW());
INSERT INTO students (cne, first_name, last_name, email, gender, filiere_id, annee_etude, statut, is_boursier, created_at, updated_at) VALUES ('R620057604', 'Mehdi', 'Rachidi', 'mehdi.rachidi.158@etu.univh2c.ma', 'M', 12, 2, 'ACTIF', FALSE, NOW(), NOW());
INSERT INTO students (cne, first_name, last_name, email, gender, filiere_id, annee_etude, statut, is_boursier, created_at, updated_at) VALUES ('R302563940', 'Zineb', 'Sqalli', 'zineb.sqalli.159@etu.univh2c.ma', 'F', 23, 1, 'ACTIF', FALSE, NOW(), NOW());
INSERT INTO students (cne, first_name, last_name, email, gender, filiere_id, annee_etude, statut, is_boursier, created_at, updated_at) VALUES ('R146865930', 'Walid', 'Ouazzani', 'walid.ouazzani.160@etu.univh2c.ma', 'M', 11, 3, 'ACTIF', FALSE, NOW(), NOW());
INSERT INTO students (cne, first_name, last_name, email, gender, filiere_id, annee_etude, statut, is_boursier, created_at, updated_at) VALUES ('R631855083', 'Meryem', 'El Amrani', 'meryem.el.amrani.161@etu.univh2c.ma', 'F', 2, 1, 'ACTIF', FALSE, NOW(), NOW());
INSERT INTO students (cne, first_name, last_name, email, gender, filiere_id, annee_etude, statut, is_boursier, created_at, updated_at) VALUES ('R207064620', 'Walid', 'Saidi', 'walid.saidi.162@etu.univh2c.ma', 'M', 17, 2, 'ACTIF', TRUE, NOW(), NOW());
INSERT INTO students (cne, first_name, last_name, email, gender, filiere_id, annee_etude, statut, is_boursier, created_at, updated_at) VALUES ('R180346223', 'Reda', 'El Amrani', 'reda.el.amrani.163@etu.univh2c.ma', 'M', 16, 2, 'ACTIF', FALSE, NOW(), NOW());
INSERT INTO students (cne, first_name, last_name, email, gender, filiere_id, annee_etude, statut, is_boursier, created_at, updated_at) VALUES ('R452794611', 'Hiba', 'Cherkaoui', 'hiba.cherkaoui.164@etu.univh2c.ma', 'F', 22, 3, 'ACTIF', FALSE, NOW(), NOW());
INSERT INTO students (cne, first_name, last_name, email, gender, filiere_id, annee_etude, statut, is_boursier, created_at, updated_at) VALUES ('R680911523', 'Hiba', 'Bouzidi', 'hiba.bouzidi.165@etu.univh2c.ma', 'F', 2, 3, 'ACTIF', TRUE, NOW(), NOW());
INSERT INTO students (cne, first_name, last_name, email, gender, filiere_id, annee_etude, statut, is_boursier, created_at, updated_at) VALUES ('R344261532', 'Yassine', 'Fassi', 'yassine.fassi.166@etu.univh2c.ma', 'M', 24, 1, 'ACTIF', FALSE, NOW(), NOW());
INSERT INTO students (cne, first_name, last_name, email, gender, filiere_id, annee_etude, statut, is_boursier, created_at, updated_at) VALUES ('R576396216', 'Ismail', 'Idrissi', 'ismail.idrissi.167@etu.univh2c.ma', 'M', 6, 3, 'ACTIF', FALSE, NOW(), NOW());
INSERT INTO students (cne, first_name, last_name, email, gender, filiere_id, annee_etude, statut, is_boursier, created_at, updated_at) VALUES ('R954852540', 'Mohamed', 'Sqalli', 'mohamed.sqalli.168@etu.univh2c.ma', 'M', 2, 2, 'ACTIF', FALSE, NOW(), NOW());
INSERT INTO students (cne, first_name, last_name, email, gender, filiere_id, annee_etude, statut, is_boursier, created_at, updated_at) VALUES ('R362204999', 'Meryem', 'El Amrani', 'meryem.el.amrani.169@etu.univh2c.ma', 'F', 17, 2, 'ACTIF', TRUE, NOW(), NOW());
INSERT INTO students (cne, first_name, last_name, email, gender, filiere_id, annee_etude, statut, is_boursier, created_at, updated_at) VALUES ('R754436820', 'Amine', 'Cherkaoui', 'amine.cherkaoui.170@etu.univh2c.ma', 'M', 13, 3, 'ACTIF', TRUE, NOW(), NOW());
INSERT INTO students (cne, first_name, last_name, email, gender, filiere_id, annee_etude, statut, is_boursier, created_at, updated_at) VALUES ('R253671484', 'Zineb', 'Sabri', 'zineb.sabri.171@etu.univh2c.ma', 'F', 8, 2, 'ACTIF', FALSE, NOW(), NOW());
INSERT INTO students (cne, first_name, last_name, email, gender, filiere_id, annee_etude, statut, is_boursier, created_at, updated_at) VALUES ('R963968184', 'Sara', 'Alaoui', 'sara.alaoui.172@etu.univh2c.ma', 'F', 15, 2, 'ACTIF', TRUE, NOW(), NOW());
INSERT INTO students (cne, first_name, last_name, email, gender, filiere_id, annee_etude, statut, is_boursier, created_at, updated_at) VALUES ('R730900313', 'Mehdi', 'Haddad', 'mehdi.haddad.173@etu.univh2c.ma', 'M', 10, 3, 'ACTIF', FALSE, NOW(), NOW());
INSERT INTO students (cne, first_name, last_name, email, gender, filiere_id, annee_etude, statut, is_boursier, created_at, updated_at) VALUES ('R313907621', 'Nada', 'Fassi', 'nada.fassi.174@etu.univh2c.ma', 'F', 13, 2, 'ACTIF', TRUE, NOW(), NOW());
INSERT INTO students (cne, first_name, last_name, email, gender, filiere_id, annee_etude, statut, is_boursier, created_at, updated_at) VALUES ('R485429460', 'Reda', 'Sabri', 'reda.sabri.175@etu.univh2c.ma', 'M', 19, 2, 'ACTIF', FALSE, NOW(), NOW());
INSERT INTO students (cne, first_name, last_name, email, gender, filiere_id, annee_etude, statut, is_boursier, created_at, updated_at) VALUES ('R394721069', 'Walid', 'Mansouri', 'walid.mansouri.176@etu.univh2c.ma', 'M', 1, 3, 'ACTIF', TRUE, NOW(), NOW());
INSERT INTO students (cne, first_name, last_name, email, gender, filiere_id, annee_etude, statut, is_boursier, created_at, updated_at) VALUES ('R932945529', 'Oumaima', 'Fassi', 'oumaima.fassi.177@etu.univh2c.ma', 'F', 8, 3, 'ACTIF', FALSE, NOW(), NOW());
INSERT INTO students (cne, first_name, last_name, email, gender, filiere_id, annee_etude, statut, is_boursier, created_at, updated_at) VALUES ('R766676815', 'Yassine', 'Tazi', 'yassine.tazi.178@etu.univh2c.ma', 'M', 9, 3, 'ACTIF', TRUE, NOW(), NOW());
INSERT INTO students (cne, first_name, last_name, email, gender, filiere_id, annee_etude, statut, is_boursier, created_at, updated_at) VALUES ('R431714152', 'Achraf', 'Benani', 'achraf.benani.179@etu.univh2c.ma', 'M', 15, 1, 'ACTIF', FALSE, NOW(), NOW());
INSERT INTO students (cne, first_name, last_name, email, gender, filiere_id, annee_etude, statut, is_boursier, created_at, updated_at) VALUES ('R450811990', 'Youssef', 'Fassi', 'youssef.fassi.180@etu.univh2c.ma', 'M', 24, 2, 'ACTIF', TRUE, NOW(), NOW());
INSERT INTO students (cne, first_name, last_name, email, gender, filiere_id, annee_etude, statut, is_boursier, created_at, updated_at) VALUES ('R492836532', 'Amine', 'Rachidi', 'amine.rachidi.181@etu.univh2c.ma', 'M', 17, 3, 'ACTIF', FALSE, NOW(), NOW());
INSERT INTO students (cne, first_name, last_name, email, gender, filiere_id, annee_etude, statut, is_boursier, created_at, updated_at) VALUES ('R965960427', 'Hamza', 'Bouzidi', 'hamza.bouzidi.182@etu.univh2c.ma', 'M', 10, 3, 'ACTIF', FALSE, NOW(), NOW());
INSERT INTO students (cne, first_name, last_name, email, gender, filiere_id, annee_etude, statut, is_boursier, created_at, updated_at) VALUES ('R251136695', 'Mehdi', 'Cherkaoui', 'mehdi.cherkaoui.183@etu.univh2c.ma', 'M', 25, 1, 'ACTIF', FALSE, NOW(), NOW());
INSERT INTO students (cne, first_name, last_name, email, gender, filiere_id, annee_etude, statut, is_boursier, created_at, updated_at) VALUES ('R114945047', 'Salma', 'Mansouri', 'salma.mansouri.184@etu.univh2c.ma', 'F', 9, 3, 'ACTIF', TRUE, NOW(), NOW());
INSERT INTO students (cne, first_name, last_name, email, gender, filiere_id, annee_etude, statut, is_boursier, created_at, updated_at) VALUES ('R727666622', 'Hajar', 'Berrada', 'hajar.berrada.185@etu.univh2c.ma', 'F', 13, 3, 'ACTIF', FALSE, NOW(), NOW());
INSERT INTO students (cne, first_name, last_name, email, gender, filiere_id, annee_etude, statut, is_boursier, created_at, updated_at) VALUES ('R606244434', 'Yassine', 'Lahlou', 'yassine.lahlou.186@etu.univh2c.ma', 'M', 1, 3, 'ACTIF', FALSE, NOW(), NOW());
INSERT INTO students (cne, first_name, last_name, email, gender, filiere_id, annee_etude, statut, is_boursier, created_at, updated_at) VALUES ('R782259766', 'Yassine', 'Cherkaoui', 'yassine.cherkaoui.187@etu.univh2c.ma', 'M', 15, 3, 'ACTIF', FALSE, NOW(), NOW());
INSERT INTO students (cne, first_name, last_name, email, gender, filiere_id, annee_etude, statut, is_boursier, created_at, updated_at) VALUES ('R148690765', 'Salma', 'El Amrani', 'salma.el.amrani.188@etu.univh2c.ma', 'F', 2, 2, 'ACTIF', FALSE, NOW(), NOW());
INSERT INTO students (cne, first_name, last_name, email, gender, filiere_id, annee_etude, statut, is_boursier, created_at, updated_at) VALUES ('R677186272', 'Youssef', 'Lahlou', 'youssef.lahlou.189@etu.univh2c.ma', 'M', 5, 2, 'ACTIF', FALSE, NOW(), NOW());
INSERT INTO students (cne, first_name, last_name, email, gender, filiere_id, annee_etude, statut, is_boursier, created_at, updated_at) VALUES ('R550033924', 'Hiba', 'Rachidi', 'hiba.rachidi.190@etu.univh2c.ma', 'F', 19, 3, 'ACTIF', TRUE, NOW(), NOW());
INSERT INTO students (cne, first_name, last_name, email, gender, filiere_id, annee_etude, statut, is_boursier, created_at, updated_at) VALUES ('R995171130', 'Hiba', 'Idrissi', 'hiba.idrissi.191@etu.univh2c.ma', 'F', 16, 3, 'ACTIF', FALSE, NOW(), NOW());
INSERT INTO students (cne, first_name, last_name, email, gender, filiere_id, annee_etude, statut, is_boursier, created_at, updated_at) VALUES ('R333291547', 'Fatima', 'Haddad', 'fatima.haddad.192@etu.univh2c.ma', 'F', 15, 2, 'ACTIF', TRUE, NOW(), NOW());
INSERT INTO students (cne, first_name, last_name, email, gender, filiere_id, annee_etude, statut, is_boursier, created_at, updated_at) VALUES ('R684615760', 'Salma', 'Haddad', 'salma.haddad.193@etu.univh2c.ma', 'F', 21, 2, 'ACTIF', TRUE, NOW(), NOW());
INSERT INTO students (cne, first_name, last_name, email, gender, filiere_id, annee_etude, statut, is_boursier, created_at, updated_at) VALUES ('R231167999', 'Sara', 'Tazi', 'sara.tazi.194@etu.univh2c.ma', 'F', 15, 1, 'ACTIF', TRUE, NOW(), NOW());
INSERT INTO students (cne, first_name, last_name, email, gender, filiere_id, annee_etude, statut, is_boursier, created_at, updated_at) VALUES ('R361530104', 'Mohamed', 'Sqalli', 'mohamed.sqalli.195@etu.univh2c.ma', 'M', 5, 3, 'ACTIF', TRUE, NOW(), NOW());
INSERT INTO students (cne, first_name, last_name, email, gender, filiere_id, annee_etude, statut, is_boursier, created_at, updated_at) VALUES ('R322433532', 'Walid', 'Rachidi', 'walid.rachidi.196@etu.univh2c.ma', 'M', 19, 1, 'ACTIF', TRUE, NOW(), NOW());
INSERT INTO students (cne, first_name, last_name, email, gender, filiere_id, annee_etude, statut, is_boursier, created_at, updated_at) VALUES ('R946799779', 'Chaimae', 'El Amrani', 'chaimae.el.amrani.197@etu.univh2c.ma', 'F', 20, 1, 'ACTIF', FALSE, NOW(), NOW());
INSERT INTO students (cne, first_name, last_name, email, gender, filiere_id, annee_etude, statut, is_boursier, created_at, updated_at) VALUES ('R369137895', 'Amine', 'Rachidi', 'amine.rachidi.198@etu.univh2c.ma', 'M', 6, 1, 'ACTIF', TRUE, NOW(), NOW());
INSERT INTO students (cne, first_name, last_name, email, gender, filiere_id, annee_etude, statut, is_boursier, created_at, updated_at) VALUES ('R948239575', 'Mohamed', 'Haddad', 'mohamed.haddad.199@etu.univh2c.ma', 'M', 8, 3, 'ACTIF', FALSE, NOW(), NOW());
INSERT INTO students (cne, first_name, last_name, email, gender, filiere_id, annee_etude, statut, is_boursier, created_at, updated_at) VALUES ('R156263020', 'Amine', 'Berrada', 'amine.berrada.200@etu.univh2c.ma', 'M', 5, 3, 'ACTIF', FALSE, NOW(), NOW());
INSERT INTO students (cne, first_name, last_name, email, gender, filiere_id, annee_etude, statut, is_boursier, created_at, updated_at) VALUES ('R611365210', 'Adam', 'Cherkaoui', 'adam.cherkaoui.201@etu.univh2c.ma', 'M', 15, 2, 'ACTIF', TRUE, NOW(), NOW());
INSERT INTO students (cne, first_name, last_name, email, gender, filiere_id, annee_etude, statut, is_boursier, created_at, updated_at) VALUES ('R760465943', 'Aya', 'Lahlou', 'aya.lahlou.202@etu.univh2c.ma', 'F', 2, 3, 'ACTIF', FALSE, NOW(), NOW());
INSERT INTO students (cne, first_name, last_name, email, gender, filiere_id, annee_etude, statut, is_boursier, created_at, updated_at) VALUES ('R165310776', 'Hiba', 'Alaoui', 'hiba.alaoui.203@etu.univh2c.ma', 'F', 16, 2, 'ACTIF', FALSE, NOW(), NOW());
INSERT INTO students (cne, first_name, last_name, email, gender, filiere_id, annee_etude, statut, is_boursier, created_at, updated_at) VALUES ('R178910051', 'Mehdi', 'Saidi', 'mehdi.saidi.204@etu.univh2c.ma', 'M', 3, 2, 'ACTIF', TRUE, NOW(), NOW());
INSERT INTO students (cne, first_name, last_name, email, gender, filiere_id, annee_etude, statut, is_boursier, created_at, updated_at) VALUES ('R770355806', 'Amine', 'Berrada', 'amine.berrada.205@etu.univh2c.ma', 'M', 21, 3, 'ACTIF', FALSE, NOW(), NOW());
INSERT INTO students (cne, first_name, last_name, email, gender, filiere_id, annee_etude, statut, is_boursier, created_at, updated_at) VALUES ('R416644047', 'Ines', 'Naciri', 'ines.naciri.206@etu.univh2c.ma', 'F', 15, 3, 'ACTIF', FALSE, NOW(), NOW());
INSERT INTO students (cne, first_name, last_name, email, gender, filiere_id, annee_etude, statut, is_boursier, created_at, updated_at) VALUES ('R802992685', 'Ismail', 'Idrissi', 'ismail.idrissi.207@etu.univh2c.ma', 'M', 21, 3, 'ACTIF', TRUE, NOW(), NOW());
INSERT INTO students (cne, first_name, last_name, email, gender, filiere_id, annee_etude, statut, is_boursier, created_at, updated_at) VALUES ('R544328940', 'Nada', 'Lahlou', 'nada.lahlou.208@etu.univh2c.ma', 'F', 11, 2, 'ACTIF', FALSE, NOW(), NOW());
INSERT INTO students (cne, first_name, last_name, email, gender, filiere_id, annee_etude, statut, is_boursier, created_at, updated_at) VALUES ('R435596237', 'Asmae', 'Idrissi', 'asmae.idrissi.209@etu.univh2c.ma', 'F', 14, 2, 'ACTIF', FALSE, NOW(), NOW());
INSERT INTO students (cne, first_name, last_name, email, gender, filiere_id, annee_etude, statut, is_boursier, created_at, updated_at) VALUES ('R172083844', 'Imane', 'Bouzidi', 'imane.bouzidi.210@etu.univh2c.ma', 'F', 3, 1, 'ACTIF', TRUE, NOW(), NOW());
INSERT INTO students (cne, first_name, last_name, email, gender, filiere_id, annee_etude, statut, is_boursier, created_at, updated_at) VALUES ('R971630639', 'Salma', 'Haddad', 'salma.haddad.211@etu.univh2c.ma', 'F', 5, 3, 'ACTIF', TRUE, NOW(), NOW());
INSERT INTO students (cne, first_name, last_name, email, gender, filiere_id, annee_etude, statut, is_boursier, created_at, updated_at) VALUES ('R541102414', 'Hiba', 'Idrissi', 'hiba.idrissi.212@etu.univh2c.ma', 'F', 12, 3, 'ACTIF', FALSE, NOW(), NOW());
INSERT INTO students (cne, first_name, last_name, email, gender, filiere_id, annee_etude, statut, is_boursier, created_at, updated_at) VALUES ('R435489452', 'Hamza', 'Kettani', 'hamza.kettani.213@etu.univh2c.ma', 'M', 12, 1, 'ACTIF', TRUE, NOW(), NOW());
INSERT INTO students (cne, first_name, last_name, email, gender, filiere_id, annee_etude, statut, is_boursier, created_at, updated_at) VALUES ('R340781088', 'Yassine', 'Bouzidi', 'yassine.bouzidi.214@etu.univh2c.ma', 'M', 4, 2, 'ACTIF', FALSE, NOW(), NOW());
INSERT INTO students (cne, first_name, last_name, email, gender, filiere_id, annee_etude, statut, is_boursier, created_at, updated_at) VALUES ('R716435189', 'Ismail', 'Berrada', 'ismail.berrada.215@etu.univh2c.ma', 'M', 8, 2, 'ACTIF', TRUE, NOW(), NOW());
INSERT INTO students (cne, first_name, last_name, email, gender, filiere_id, annee_etude, statut, is_boursier, created_at, updated_at) VALUES ('R393421844', 'Fatima', 'Bennis', 'fatima.bennis.216@etu.univh2c.ma', 'F', 23, 2, 'ACTIF', FALSE, NOW(), NOW());
INSERT INTO students (cne, first_name, last_name, email, gender, filiere_id, annee_etude, statut, is_boursier, created_at, updated_at) VALUES ('R253815116', 'Fatima', 'Bennis', 'fatima.bennis.217@etu.univh2c.ma', 'F', 19, 3, 'ACTIF', FALSE, NOW(), NOW());
INSERT INTO students (cne, first_name, last_name, email, gender, filiere_id, annee_etude, statut, is_boursier, created_at, updated_at) VALUES ('R198524063', 'Amine', 'Alaoui', 'amine.alaoui.218@etu.univh2c.ma', 'M', 24, 3, 'ACTIF', TRUE, NOW(), NOW());
INSERT INTO students (cne, first_name, last_name, email, gender, filiere_id, annee_etude, statut, is_boursier, created_at, updated_at) VALUES ('R466034277', 'Meryem', 'Saidi', 'meryem.saidi.219@etu.univh2c.ma', 'F', 6, 2, 'ACTIF', FALSE, NOW(), NOW());
INSERT INTO students (cne, first_name, last_name, email, gender, filiere_id, annee_etude, statut, is_boursier, created_at, updated_at) VALUES ('R740190407', 'Chaimae', 'Sabri', 'chaimae.sabri.220@etu.univh2c.ma', 'F', 3, 1, 'ACTIF', TRUE, NOW(), NOW());
INSERT INTO students (cne, first_name, last_name, email, gender, filiere_id, annee_etude, statut, is_boursier, created_at, updated_at) VALUES ('R153432064', 'Ismail', 'Kettani', 'ismail.kettani.221@etu.univh2c.ma', 'M', 22, 1, 'ACTIF', FALSE, NOW(), NOW());
INSERT INTO students (cne, first_name, last_name, email, gender, filiere_id, annee_etude, statut, is_boursier, created_at, updated_at) VALUES ('R621475287', 'Hiba', 'Ouazzani', 'hiba.ouazzani.222@etu.univh2c.ma', 'F', 20, 2, 'ACTIF', FALSE, NOW(), NOW());
INSERT INTO students (cne, first_name, last_name, email, gender, filiere_id, annee_etude, statut, is_boursier, created_at, updated_at) VALUES ('R222210617', 'Khadija', 'Naciri', 'khadija.naciri.223@etu.univh2c.ma', 'F', 12, 2, 'ACTIF', TRUE, NOW(), NOW());
INSERT INTO students (cne, first_name, last_name, email, gender, filiere_id, annee_etude, statut, is_boursier, created_at, updated_at) VALUES ('R622517939', 'Hiba', 'Sabri', 'hiba.sabri.224@etu.univh2c.ma', 'F', 17, 3, 'ACTIF', FALSE, NOW(), NOW());
INSERT INTO students (cne, first_name, last_name, email, gender, filiere_id, annee_etude, statut, is_boursier, created_at, updated_at) VALUES ('R743520276', 'Ayoub', 'Mansouri', 'ayoub.mansouri.225@etu.univh2c.ma', 'M', 2, 1, 'ACTIF', TRUE, NOW(), NOW());
INSERT INTO students (cne, first_name, last_name, email, gender, filiere_id, annee_etude, statut, is_boursier, created_at, updated_at) VALUES ('R920511515', 'Khadija', 'El Amrani', 'khadija.el.amrani.226@etu.univh2c.ma', 'F', 9, 2, 'ACTIF', FALSE, NOW(), NOW());
INSERT INTO students (cne, first_name, last_name, email, gender, filiere_id, annee_etude, statut, is_boursier, created_at, updated_at) VALUES ('R902100304', 'Mohamed', 'Bouzidi', 'mohamed.bouzidi.227@etu.univh2c.ma', 'M', 14, 1, 'ACTIF', TRUE, NOW(), NOW());
INSERT INTO students (cne, first_name, last_name, email, gender, filiere_id, annee_etude, statut, is_boursier, created_at, updated_at) VALUES ('R637152602', 'Aya', 'Lahlou', 'aya.lahlou.228@etu.univh2c.ma', 'F', 18, 3, 'ACTIF', FALSE, NOW(), NOW());
INSERT INTO students (cne, first_name, last_name, email, gender, filiere_id, annee_etude, statut, is_boursier, created_at, updated_at) VALUES ('R568387228', 'Reda', 'Benani', 'reda.benani.229@etu.univh2c.ma', 'M', 1, 2, 'ACTIF', TRUE, NOW(), NOW());
INSERT INTO students (cne, first_name, last_name, email, gender, filiere_id, annee_etude, statut, is_boursier, created_at, updated_at) VALUES ('R715683222', 'Ines', 'Ouazzani', 'ines.ouazzani.230@etu.univh2c.ma', 'F', 13, 3, 'ACTIF', FALSE, NOW(), NOW());
INSERT INTO students (cne, first_name, last_name, email, gender, filiere_id, annee_etude, statut, is_boursier, created_at, updated_at) VALUES ('R122394554', 'Salma', 'Mansouri', 'salma.mansouri.231@etu.univh2c.ma', 'F', 11, 1, 'ACTIF', FALSE, NOW(), NOW());
INSERT INTO students (cne, first_name, last_name, email, gender, filiere_id, annee_etude, statut, is_boursier, created_at, updated_at) VALUES ('R213669678', 'Salma', 'Ouazzani', 'salma.ouazzani.232@etu.univh2c.ma', 'F', 8, 2, 'ACTIF', FALSE, NOW(), NOW());
INSERT INTO students (cne, first_name, last_name, email, gender, filiere_id, annee_etude, statut, is_boursier, created_at, updated_at) VALUES ('R900801837', 'Reda', 'Fassi', 'reda.fassi.233@etu.univh2c.ma', 'M', 11, 1, 'ACTIF', FALSE, NOW(), NOW());
INSERT INTO students (cne, first_name, last_name, email, gender, filiere_id, annee_etude, statut, is_boursier, created_at, updated_at) VALUES ('R779919809', 'Youssef', 'Naciri', 'youssef.naciri.234@etu.univh2c.ma', 'M', 4, 3, 'ACTIF', TRUE, NOW(), NOW());
INSERT INTO students (cne, first_name, last_name, email, gender, filiere_id, annee_etude, statut, is_boursier, created_at, updated_at) VALUES ('R353691745', 'Hajar', 'El Amrani', 'hajar.el.amrani.235@etu.univh2c.ma', 'F', 4, 1, 'ACTIF', FALSE, NOW(), NOW());
INSERT INTO students (cne, first_name, last_name, email, gender, filiere_id, annee_etude, statut, is_boursier, created_at, updated_at) VALUES ('R264142683', 'Amine', 'Kettani', 'amine.kettani.236@etu.univh2c.ma', 'M', 25, 3, 'ACTIF', TRUE, NOW(), NOW());
INSERT INTO students (cne, first_name, last_name, email, gender, filiere_id, annee_etude, statut, is_boursier, created_at, updated_at) VALUES ('R598165815', 'Ismail', 'Bouzidi', 'ismail.bouzidi.237@etu.univh2c.ma', 'M', 25, 3, 'ACTIF', FALSE, NOW(), NOW());
INSERT INTO students (cne, first_name, last_name, email, gender, filiere_id, annee_etude, statut, is_boursier, created_at, updated_at) VALUES ('R262089272', 'Oumaima', 'Sqalli', 'oumaima.sqalli.238@etu.univh2c.ma', 'F', 15, 1, 'ACTIF', FALSE, NOW(), NOW());
INSERT INTO students (cne, first_name, last_name, email, gender, filiere_id, annee_etude, statut, is_boursier, created_at, updated_at) VALUES ('R955052486', 'Hiba', 'Fassi', 'hiba.fassi.239@etu.univh2c.ma', 'F', 9, 3, 'ACTIF', TRUE, NOW(), NOW());
INSERT INTO students (cne, first_name, last_name, email, gender, filiere_id, annee_etude, statut, is_boursier, created_at, updated_at) VALUES ('R433297890', 'Aya', 'Cherkaoui', 'aya.cherkaoui.240@etu.univh2c.ma', 'F', 15, 2, 'ACTIF', TRUE, NOW(), NOW());
INSERT INTO students (cne, first_name, last_name, email, gender, filiere_id, annee_etude, statut, is_boursier, created_at, updated_at) VALUES ('R182389284', 'Othmane', 'Fassi', 'othmane.fassi.241@etu.univh2c.ma', 'M', 21, 1, 'ACTIF', FALSE, NOW(), NOW());
INSERT INTO students (cne, first_name, last_name, email, gender, filiere_id, annee_etude, statut, is_boursier, created_at, updated_at) VALUES ('R950207886', 'Ines', 'Rachidi', 'ines.rachidi.242@etu.univh2c.ma', 'F', 24, 1, 'ACTIF', FALSE, NOW(), NOW());
INSERT INTO students (cne, first_name, last_name, email, gender, filiere_id, annee_etude, statut, is_boursier, created_at, updated_at) VALUES ('R610702777', 'Othmane', 'Kettani', 'othmane.kettani.243@etu.univh2c.ma', 'M', 17, 1, 'ACTIF', TRUE, NOW(), NOW());
INSERT INTO students (cne, first_name, last_name, email, gender, filiere_id, annee_etude, statut, is_boursier, created_at, updated_at) VALUES ('R866990485', 'Salma', 'Sqalli', 'salma.sqalli.244@etu.univh2c.ma', 'F', 3, 3, 'ACTIF', TRUE, NOW(), NOW());
INSERT INTO students (cne, first_name, last_name, email, gender, filiere_id, annee_etude, statut, is_boursier, created_at, updated_at) VALUES ('R571825556', 'Ayoub', 'Saidi', 'ayoub.saidi.245@etu.univh2c.ma', 'M', 17, 3, 'ACTIF', TRUE, NOW(), NOW());
INSERT INTO students (cne, first_name, last_name, email, gender, filiere_id, annee_etude, statut, is_boursier, created_at, updated_at) VALUES ('R515985367', 'Hajar', 'Fassi', 'hajar.fassi.246@etu.univh2c.ma', 'F', 14, 2, 'ACTIF', TRUE, NOW(), NOW());
INSERT INTO students (cne, first_name, last_name, email, gender, filiere_id, annee_etude, statut, is_boursier, created_at, updated_at) VALUES ('R201474984', 'Salma', 'Sqalli', 'salma.sqalli.247@etu.univh2c.ma', 'F', 18, 3, 'ACTIF', FALSE, NOW(), NOW());
INSERT INTO students (cne, first_name, last_name, email, gender, filiere_id, annee_etude, statut, is_boursier, created_at, updated_at) VALUES ('R261462131', 'Sara', 'Kettani', 'sara.kettani.248@etu.univh2c.ma', 'F', 11, 1, 'ACTIF', TRUE, NOW(), NOW());
INSERT INTO students (cne, first_name, last_name, email, gender, filiere_id, annee_etude, statut, is_boursier, created_at, updated_at) VALUES ('R238460786', 'Sara', 'Mansouri', 'sara.mansouri.249@etu.univh2c.ma', 'F', 20, 3, 'ACTIF', TRUE, NOW(), NOW());
INSERT INTO students (cne, first_name, last_name, email, gender, filiere_id, annee_etude, statut, is_boursier, created_at, updated_at) VALUES ('R790945624', 'Aya', 'Mansouri', 'aya.mansouri.250@etu.univh2c.ma', 'F', 11, 1, 'ACTIF', TRUE, NOW(), NOW());
INSERT INTO students (cne, first_name, last_name, email, gender, filiere_id, annee_etude, statut, is_boursier, created_at, updated_at) VALUES ('R119574893', 'Aya', 'Haddad', 'aya.haddad.251@etu.univh2c.ma', 'F', 12, 2, 'ACTIF', TRUE, NOW(), NOW());
INSERT INTO students (cne, first_name, last_name, email, gender, filiere_id, annee_etude, statut, is_boursier, created_at, updated_at) VALUES ('R306164050', 'Othmane', 'Bouzidi', 'othmane.bouzidi.252@etu.univh2c.ma', 'M', 8, 1, 'ACTIF', TRUE, NOW(), NOW());
INSERT INTO students (cne, first_name, last_name, email, gender, filiere_id, annee_etude, statut, is_boursier, created_at, updated_at) VALUES ('R645127678', 'Hamza', 'Idrissi', 'hamza.idrissi.253@etu.univh2c.ma', 'M', 25, 3, 'ACTIF', TRUE, NOW(), NOW());
INSERT INTO students (cne, first_name, last_name, email, gender, filiere_id, annee_etude, statut, is_boursier, created_at, updated_at) VALUES ('R240712839', 'Zineb', 'Kettani', 'zineb.kettani.254@etu.univh2c.ma', 'F', 20, 2, 'ACTIF', TRUE, NOW(), NOW());
INSERT INTO students (cne, first_name, last_name, email, gender, filiere_id, annee_etude, statut, is_boursier, created_at, updated_at) VALUES ('R968704078', 'Amine', 'Kettani', 'amine.kettani.255@etu.univh2c.ma', 'M', 6, 3, 'ACTIF', FALSE, NOW(), NOW());
INSERT INTO students (cne, first_name, last_name, email, gender, filiere_id, annee_etude, statut, is_boursier, created_at, updated_at) VALUES ('R826239153', 'Reda', 'Haddad', 'reda.haddad.256@etu.univh2c.ma', 'M', 24, 1, 'ACTIF', FALSE, NOW(), NOW());
INSERT INTO students (cne, first_name, last_name, email, gender, filiere_id, annee_etude, statut, is_boursier, created_at, updated_at) VALUES ('R351258749', 'Chaimae', 'Saidi', 'chaimae.saidi.257@etu.univh2c.ma', 'F', 18, 1, 'ACTIF', FALSE, NOW(), NOW());
INSERT INTO students (cne, first_name, last_name, email, gender, filiere_id, annee_etude, statut, is_boursier, created_at, updated_at) VALUES ('R494966219', 'Zineb', 'Tazi', 'zineb.tazi.258@etu.univh2c.ma', 'F', 22, 3, 'ACTIF', FALSE, NOW(), NOW());
INSERT INTO students (cne, first_name, last_name, email, gender, filiere_id, annee_etude, statut, is_boursier, created_at, updated_at) VALUES ('R935504321', 'Chaimae', 'Fassi', 'chaimae.fassi.259@etu.univh2c.ma', 'F', 13, 3, 'ACTIF', FALSE, NOW(), NOW());
INSERT INTO students (cne, first_name, last_name, email, gender, filiere_id, annee_etude, statut, is_boursier, created_at, updated_at) VALUES ('R960345542', 'Walid', 'Tazi', 'walid.tazi.260@etu.univh2c.ma', 'M', 20, 1, 'ACTIF', FALSE, NOW(), NOW());
INSERT INTO students (cne, first_name, last_name, email, gender, filiere_id, annee_etude, statut, is_boursier, created_at, updated_at) VALUES ('R498585961', 'Yassine', 'Bouzidi', 'yassine.bouzidi.261@etu.univh2c.ma', 'M', 18, 1, 'ACTIF', TRUE, NOW(), NOW());
INSERT INTO students (cne, first_name, last_name, email, gender, filiere_id, annee_etude, statut, is_boursier, created_at, updated_at) VALUES ('R392907427', 'Salma', 'Bennis', 'salma.bennis.262@etu.univh2c.ma', 'F', 15, 3, 'ACTIF', TRUE, NOW(), NOW());
INSERT INTO students (cne, first_name, last_name, email, gender, filiere_id, annee_etude, statut, is_boursier, created_at, updated_at) VALUES ('R976928440', 'Salma', 'Lahlou', 'salma.lahlou.263@etu.univh2c.ma', 'F', 15, 2, 'ACTIF', TRUE, NOW(), NOW());
INSERT INTO students (cne, first_name, last_name, email, gender, filiere_id, annee_etude, statut, is_boursier, created_at, updated_at) VALUES ('R639026034', 'Fatima', 'Mansouri', 'fatima.mansouri.264@etu.univh2c.ma', 'F', 12, 1, 'ACTIF', FALSE, NOW(), NOW());
INSERT INTO students (cne, first_name, last_name, email, gender, filiere_id, annee_etude, statut, is_boursier, created_at, updated_at) VALUES ('R130266145', 'Othmane', 'Lahlou', 'othmane.lahlou.265@etu.univh2c.ma', 'M', 11, 1, 'ACTIF', FALSE, NOW(), NOW());
INSERT INTO students (cne, first_name, last_name, email, gender, filiere_id, annee_etude, statut, is_boursier, created_at, updated_at) VALUES ('R408034406', 'Amine', 'Benani', 'amine.benani.266@etu.univh2c.ma', 'M', 16, 3, 'ACTIF', TRUE, NOW(), NOW());
INSERT INTO students (cne, first_name, last_name, email, gender, filiere_id, annee_etude, statut, is_boursier, created_at, updated_at) VALUES ('R105638424', 'Nada', 'Kettani', 'nada.kettani.267@etu.univh2c.ma', 'F', 3, 1, 'ACTIF', FALSE, NOW(), NOW());
INSERT INTO students (cne, first_name, last_name, email, gender, filiere_id, annee_etude, statut, is_boursier, created_at, updated_at) VALUES ('R689274064', 'Walid', 'El Amrani', 'walid.el.amrani.268@etu.univh2c.ma', 'M', 24, 3, 'ACTIF', FALSE, NOW(), NOW());
INSERT INTO students (cne, first_name, last_name, email, gender, filiere_id, annee_etude, statut, is_boursier, created_at, updated_at) VALUES ('R355164255', 'Ismail', 'Fassi', 'ismail.fassi.269@etu.univh2c.ma', 'M', 10, 1, 'ACTIF', TRUE, NOW(), NOW());
INSERT INTO students (cne, first_name, last_name, email, gender, filiere_id, annee_etude, statut, is_boursier, created_at, updated_at) VALUES ('R590822013', 'Reda', 'Kettani', 'reda.kettani.270@etu.univh2c.ma', 'M', 3, 1, 'ACTIF', FALSE, NOW(), NOW());
INSERT INTO students (cne, first_name, last_name, email, gender, filiere_id, annee_etude, statut, is_boursier, created_at, updated_at) VALUES ('R717452511', 'Yassine', 'Naciri', 'yassine.naciri.271@etu.univh2c.ma', 'M', 8, 3, 'ACTIF', TRUE, NOW(), NOW());
INSERT INTO students (cne, first_name, last_name, email, gender, filiere_id, annee_etude, statut, is_boursier, created_at, updated_at) VALUES ('R760146764', 'Meryem', 'Alaoui', 'meryem.alaoui.272@etu.univh2c.ma', 'F', 12, 1, 'ACTIF', FALSE, NOW(), NOW());
INSERT INTO students (cne, first_name, last_name, email, gender, filiere_id, annee_etude, statut, is_boursier, created_at, updated_at) VALUES ('R662087258', 'Yassine', 'Cherkaoui', 'yassine.cherkaoui.273@etu.univh2c.ma', 'M', 12, 1, 'ACTIF', TRUE, NOW(), NOW());
INSERT INTO students (cne, first_name, last_name, email, gender, filiere_id, annee_etude, statut, is_boursier, created_at, updated_at) VALUES ('R146744734', 'Oumaima', 'Bouzidi', 'oumaima.bouzidi.274@etu.univh2c.ma', 'F', 21, 2, 'ACTIF', FALSE, NOW(), NOW());
INSERT INTO students (cne, first_name, last_name, email, gender, filiere_id, annee_etude, statut, is_boursier, created_at, updated_at) VALUES ('R483426624', 'Asmae', 'Alaoui', 'asmae.alaoui.275@etu.univh2c.ma', 'F', 3, 2, 'ACTIF', TRUE, NOW(), NOW());
INSERT INTO students (cne, first_name, last_name, email, gender, filiere_id, annee_etude, statut, is_boursier, created_at, updated_at) VALUES ('R889401015', 'Ismail', 'Sabri', 'ismail.sabri.276@etu.univh2c.ma', 'M', 25, 2, 'ACTIF', TRUE, NOW(), NOW());
INSERT INTO students (cne, first_name, last_name, email, gender, filiere_id, annee_etude, statut, is_boursier, created_at, updated_at) VALUES ('R463512350', 'Othmane', 'Rachidi', 'othmane.rachidi.277@etu.univh2c.ma', 'M', 21, 1, 'ACTIF', FALSE, NOW(), NOW());
INSERT INTO students (cne, first_name, last_name, email, gender, filiere_id, annee_etude, statut, is_boursier, created_at, updated_at) VALUES ('R971339002', 'Hiba', 'Bennis', 'hiba.bennis.278@etu.univh2c.ma', 'F', 5, 1, 'ACTIF', FALSE, NOW(), NOW());
INSERT INTO students (cne, first_name, last_name, email, gender, filiere_id, annee_etude, statut, is_boursier, created_at, updated_at) VALUES ('R147036629', 'Hamza', 'Tazi', 'hamza.tazi.279@etu.univh2c.ma', 'M', 7, 1, 'ACTIF', FALSE, NOW(), NOW());
INSERT INTO students (cne, first_name, last_name, email, gender, filiere_id, annee_etude, statut, is_boursier, created_at, updated_at) VALUES ('R975535611', 'Aya', 'Mansouri', 'aya.mansouri.280@etu.univh2c.ma', 'F', 18, 2, 'ACTIF', FALSE, NOW(), NOW());
INSERT INTO students (cne, first_name, last_name, email, gender, filiere_id, annee_etude, statut, is_boursier, created_at, updated_at) VALUES ('R407209235', 'Ismail', 'Tazi', 'ismail.tazi.281@etu.univh2c.ma', 'M', 12, 1, 'ACTIF', FALSE, NOW(), NOW());
INSERT INTO students (cne, first_name, last_name, email, gender, filiere_id, annee_etude, statut, is_boursier, created_at, updated_at) VALUES ('R569172971', 'Salma', 'Haddad', 'salma.haddad.282@etu.univh2c.ma', 'F', 13, 3, 'ACTIF', FALSE, NOW(), NOW());
INSERT INTO students (cne, first_name, last_name, email, gender, filiere_id, annee_etude, statut, is_boursier, created_at, updated_at) VALUES ('R632794158', 'Hajar', 'Bennis', 'hajar.bennis.283@etu.univh2c.ma', 'F', 23, 2, 'ACTIF', FALSE, NOW(), NOW());
INSERT INTO students (cne, first_name, last_name, email, gender, filiere_id, annee_etude, statut, is_boursier, created_at, updated_at) VALUES ('R880697625', 'Chaimae', 'Cherkaoui', 'chaimae.cherkaoui.284@etu.univh2c.ma', 'F', 14, 1, 'ACTIF', FALSE, NOW(), NOW());
INSERT INTO students (cne, first_name, last_name, email, gender, filiere_id, annee_etude, statut, is_boursier, created_at, updated_at) VALUES ('R444898148', 'Anas', 'Fassi', 'anas.fassi.285@etu.univh2c.ma', 'M', 4, 1, 'ACTIF', FALSE, NOW(), NOW());
INSERT INTO students (cne, first_name, last_name, email, gender, filiere_id, annee_etude, statut, is_boursier, created_at, updated_at) VALUES ('R747060047', 'Sara', 'Saidi', 'sara.saidi.286@etu.univh2c.ma', 'F', 23, 2, 'ACTIF', TRUE, NOW(), NOW());
INSERT INTO students (cne, first_name, last_name, email, gender, filiere_id, annee_etude, statut, is_boursier, created_at, updated_at) VALUES ('R145478504', 'Hajar', 'Saidi', 'hajar.saidi.287@etu.univh2c.ma', 'F', 24, 2, 'ACTIF', FALSE, NOW(), NOW());
INSERT INTO students (cne, first_name, last_name, email, gender, filiere_id, annee_etude, statut, is_boursier, created_at, updated_at) VALUES ('R180574838', 'Hiba', 'Benani', 'hiba.benani.288@etu.univh2c.ma', 'F', 22, 3, 'ACTIF', FALSE, NOW(), NOW());
INSERT INTO students (cne, first_name, last_name, email, gender, filiere_id, annee_etude, statut, is_boursier, created_at, updated_at) VALUES ('R133436988', 'Aya', 'Bennis', 'aya.bennis.289@etu.univh2c.ma', 'F', 5, 3, 'ACTIF', FALSE, NOW(), NOW());
INSERT INTO students (cne, first_name, last_name, email, gender, filiere_id, annee_etude, statut, is_boursier, created_at, updated_at) VALUES ('R353398109', 'Amine', 'Cherkaoui', 'amine.cherkaoui.290@etu.univh2c.ma', 'M', 25, 3, 'ACTIF', FALSE, NOW(), NOW());
INSERT INTO students (cne, first_name, last_name, email, gender, filiere_id, annee_etude, statut, is_boursier, created_at, updated_at) VALUES ('R134773472', 'Meryem', 'Sabri', 'meryem.sabri.291@etu.univh2c.ma', 'F', 20, 1, 'ACTIF', FALSE, NOW(), NOW());
INSERT INTO students (cne, first_name, last_name, email, gender, filiere_id, annee_etude, statut, is_boursier, created_at, updated_at) VALUES ('R919355714', 'Hajar', 'Saidi', 'hajar.saidi.292@etu.univh2c.ma', 'F', 3, 3, 'ACTIF', TRUE, NOW(), NOW());
INSERT INTO students (cne, first_name, last_name, email, gender, filiere_id, annee_etude, statut, is_boursier, created_at, updated_at) VALUES ('R797460535', 'Meryem', 'Sqalli', 'meryem.sqalli.293@etu.univh2c.ma', 'F', 9, 1, 'ACTIF', TRUE, NOW(), NOW());
INSERT INTO students (cne, first_name, last_name, email, gender, filiere_id, annee_etude, statut, is_boursier, created_at, updated_at) VALUES ('R635844374', 'Adam', 'Bennis', 'adam.bennis.294@etu.univh2c.ma', 'M', 17, 2, 'ACTIF', TRUE, NOW(), NOW());
INSERT INTO students (cne, first_name, last_name, email, gender, filiere_id, annee_etude, statut, is_boursier, created_at, updated_at) VALUES ('R855954847', 'Chaimae', 'Berrada', 'chaimae.berrada.295@etu.univh2c.ma', 'F', 15, 1, 'ACTIF', FALSE, NOW(), NOW());
INSERT INTO students (cne, first_name, last_name, email, gender, filiere_id, annee_etude, statut, is_boursier, created_at, updated_at) VALUES ('R245737277', 'Khadija', 'Idrissi', 'khadija.idrissi.296@etu.univh2c.ma', 'F', 3, 2, 'ACTIF', TRUE, NOW(), NOW());
INSERT INTO students (cne, first_name, last_name, email, gender, filiere_id, annee_etude, statut, is_boursier, created_at, updated_at) VALUES ('R817087513', 'Salma', 'Sqalli', 'salma.sqalli.297@etu.univh2c.ma', 'F', 12, 3, 'ACTIF', TRUE, NOW(), NOW());
INSERT INTO students (cne, first_name, last_name, email, gender, filiere_id, annee_etude, statut, is_boursier, created_at, updated_at) VALUES ('R269119969', 'Zineb', 'Fassi', 'zineb.fassi.298@etu.univh2c.ma', 'F', 23, 3, 'ACTIF', TRUE, NOW(), NOW());
INSERT INTO students (cne, first_name, last_name, email, gender, filiere_id, annee_etude, statut, is_boursier, created_at, updated_at) VALUES ('R230311939', 'Aya', 'Lahlou', 'aya.lahlou.299@etu.univh2c.ma', 'F', 7, 1, 'ACTIF', TRUE, NOW(), NOW());
INSERT INTO students (cne, first_name, last_name, email, gender, filiere_id, annee_etude, statut, is_boursier, created_at, updated_at) VALUES ('R694875990', 'Fatima', 'Haddad', 'fatima.haddad.300@etu.univh2c.ma', 'F', 19, 2, 'ACTIF', FALSE, NOW(), NOW());

SET FOREIGN_KEY_CHECKS=1;
SELECT CONCAT('Remplacement reel : ', (SELECT COUNT(*) FROM departments), ' departements, ', (SELECT COUNT(*) FROM filieres), ' filieres, ', (SELECT COUNT(*) FROM professors), ' professeurs, ', (SELECT COUNT(*) FROM announcements), ' annonces reelles.') AS resultat;
